"Overlay","Filename","Overlay_Gate","Gate","Total_Events","percent_gated_cells","percent_all_cells","Location_Station","Location","Station_Number","Depth"
1,"Cruise_NorthSea_PE477_Algae_PE477_1_7m.fcs compensated","2","0",34400,100,61.73,"PE477_1","PE477",1,7
1,"Cruise_NorthSea_PE477_Algae_PE477_2_7m.fcs compensated","2","0",41407,100,91.34,"PE477_2","PE477",2,7
1,"Cruise_NorthSea_PE477_Algae_PE477_2_15m.fcs compensated","2","0",42135,100,88.07,"PE477_2","PE477",2,15
1,"Cruise_NorthSea_PE477_Algae_PE477_2_30m.fcs compensated","2","0",42637,100,85.36,"PE477_2","PE477",2,30
1,"Cruise_NorthSea_PE477_Algae_PE477_3_7m.fcs compensated","2","0",21689,100,61.46,"PE477_3","PE477",3,7
1,"Cruise_NorthSea_PE477_Algae_PE477_3_15m.fcs compensated","2","0",19008,100,61.01,"PE477_3","PE477",3,15
1,"Cruise_NorthSea_PE477_Algae_PE477_3_30m.fcs compensated","2","0",10334,100,61.63,"PE477_3","PE477",3,30
1,"Cruise_NorthSea_PE477_Algae_PE477_4_7m.fcs compensated","2","0",9435,100,51.01,"PE477_4","PE477",4,7
1,"Cruise_NorthSea_PE477_Algae_PE477_4_15m.fcs compensated","2","0",16209,100,83.38,"PE477_4","PE477",4,15
1,"Cruise_NorthSea_PE477_Algae_PE477_4_30m.fcs compensated","2","0",11502,100,84.69,"PE477_4","PE477",4,30
1,"Cruise_NorthSea_PE477_Algae_PE477_5_7m.fcs compensated","2","0",119185,100,71.36,"PE477_5","PE477",5,7
1,"Cruise_NorthSea_PE477_Algae_PE477_5_15m.fcs compensated","2","0",118717,100,70.62,"PE477_5","PE477",5,15
1,"Cruise_NorthSea_PE477_Algae_PE477_5_30m.fcs compensated","2","0",37675,100,70.72,"PE477_5","PE477",5,30
1,"Cruise_NorthSea_PE477_Algae_PE477_6_7m.fcs compensated","2","0",103519,100,84.38,"PE477_6","PE477",6,7
1,"Cruise_NorthSea_PE477_Algae_PE477_6_15m.fcs compensated","2","0",105291,100,84.5,"PE477_6","PE477",6,15
1,"Cruise_NorthSea_PE477_Algae_PE477_6_30m.fcs compensated","2","0",29896,100,82.08,"PE477_6","PE477",6,30
1,"Cruise_NorthSea_PE477_Algae_PE477_7_7m_Bottle3.fcs compensated","2","0",237704,100,86.18,"PE477_7","PE477",7,7
1,"Cruise_NorthSea_PE477_Algae_PE477_7_15m.fcs compensated","2","0",235215,100,86.75,"PE477_7","PE477",7,15
1,"Cruise_NorthSea_PE477_Algae_PE477_7_30m.fcs compensated","2","0",193117,100,88.22,"PE477_7","PE477",7,30
1,"Cruise_NorthSea_PE486_Algae_PE486_1_7m.fcs compensated","2","0",5636,100,51.41,"PE486_1","PE486",1,7
1,"Cruise_NorthSea_PE486_Algae_PE486_1_15m.fcs compensated","2","0",6748,100,51.11,"PE486_1","PE486",1,15
1,"Cruise_NorthSea_PE486_Algae_PE486_1_30m.fcs compensated","2","0",6759,100,55.75,"PE486_1","PE486",1,30
1,"Cruise_NorthSea_PE486_Algae_PE486_2_7m.fcs compensated","2","0",3299,100,30.09,"PE486_2","PE486",2,7
1,"Cruise_NorthSea_PE486_Algae_PE486_2_15m.fcs compensated","2","0",3476,100,34.98,"PE486_2","PE486",2,15
1,"Cruise_NorthSea_PE486_Algae_PE486_2_30m.fcs compensated","2","0",2689,100,43.49,"PE486_2","PE486",2,30
1,"Cruise_NorthSea_PE486_Algae_PE486_3_7m.fcs compensated","2","0",6793,100,77.41,"PE486_3","PE486",3,7
1,"Cruise_NorthSea_PE486_Algae_PE486_3_15m.fcs compensated","2","0",9404,100,84.33,"PE486_3","PE486",3,15
1,"Cruise_NorthSea_PE486_Algae_PE486_4_7m.fcs compensated","2","0",3483,100,22.47,"PE486_4","PE486",4,7
1,"Cruise_NorthSea_PE486_Algae_PE486_4_15m.fcs compensated","2","0",3371,100,20.77,"PE486_4","PE486",4,15
1,"Cruise_NorthSea_PE486_Algae_PE486_4_30m.fcs compensated","2","0",2243,100,32.07,"PE486_4","PE486",4,30
1,"Cruise_NorthSea_PE486_Algae_PE486_5_7m.fcs compensated","2","0",3586,100,47.95,"PE486_5","PE486",5,7
1,"Cruise_NorthSea_PE486_Algae_PE486_5_15m.fcs compensated","2","0",3554,100,47.87,"PE486_5","PE486",5,15
1,"Cruise_NorthSea_PE486_Algae_PE486_6_7m.fcs compensated","2","0",1880,100,17.67,"PE486_6","PE486",6,7
1,"Cruise_NorthSea_PE486_Algae_PE486_6_15m.fcs compensated","2","0",1677,100,26.43,"PE486_6","PE486",6,15
1,"Cruise_NorthSea_PE486_Algae_PE486_7_7m.fcs compensated","2","0",2565,100,16.75,"PE486_7","PE486",7,7
1,"Cruise_NorthSea_PE486_Algae_PE486_7_15m.fcs compensated","2","0",6393,100,41.98,"PE486_7","PE486",7,15
1,"Cruise_NorthSea_PE486_Algae_PE486_7_30m.fcs compensated","2","0",10508,100,60.91,"PE486_7","PE486",7,30
1,"Cruise_NorthSea_PE486_Algae_PE486_8_7m.fcs compensated","2","0",5325,100,25.58,"PE486_8","PE486",8,7
1,"Cruise_NorthSea_PE486_Algae_PE486_8_15m.fcs compensated","2","0",4751,100,26.95,"PE486_8","PE486",8,15
1,"Cruise_NorthSea_PE486_Algae_PE486_8_30m.fcs compensated","2","0",3789,100,46.16,"PE486_8","PE486",8,30
1,"Cruise_NorthSea_PE477_Algae_PE477_1_7m.fcs compensated","2","14",32687,95.02,58.65,"PE477_1","PE477",1,7
1,"Cruise_NorthSea_PE477_Algae_PE477_2_7m.fcs compensated","2","14",40274,97.26,88.84,"PE477_2","PE477",2,7
1,"Cruise_NorthSea_PE477_Algae_PE477_2_15m.fcs compensated","2","14",40871,97,85.43,"PE477_2","PE477",2,15
1,"Cruise_NorthSea_PE477_Algae_PE477_2_30m.fcs compensated","2","14",41145,96.5,82.37,"PE477_2","PE477",2,30
1,"Cruise_NorthSea_PE477_Algae_PE477_3_7m.fcs compensated","2","14",20674,95.32,58.58,"PE477_3","PE477",3,7
1,"Cruise_NorthSea_PE477_Algae_PE477_3_15m.fcs compensated","2","14",18150,95.49,58.25,"PE477_3","PE477",3,15
1,"Cruise_NorthSea_PE477_Algae_PE477_3_30m.fcs compensated","2","14",9562,92.53,57.03,"PE477_3","PE477",3,30
1,"Cruise_NorthSea_PE477_Algae_PE477_4_7m.fcs compensated","2","14",8726,92.49,47.18,"PE477_4","PE477",4,7
1,"Cruise_NorthSea_PE477_Algae_PE477_4_15m.fcs compensated","2","14",15584,96.14,80.16,"PE477_4","PE477",4,15
1,"Cruise_NorthSea_PE477_Algae_PE477_4_30m.fcs compensated","2","14",10970,95.37,80.77,"PE477_4","PE477",4,30
1,"Cruise_NorthSea_PE477_Algae_PE477_5_7m.fcs compensated","2","14",115922,97.26,69.41,"PE477_5","PE477",5,7
1,"Cruise_NorthSea_PE477_Algae_PE477_5_15m.fcs compensated","2","14",115493,97.28,68.7,"PE477_5","PE477",5,15
1,"Cruise_NorthSea_PE477_Algae_PE477_5_30m.fcs compensated","2","14",36335,96.44,68.21,"PE477_5","PE477",5,30
1,"Cruise_NorthSea_PE477_Algae_PE477_6_7m.fcs compensated","2","14",102448,98.97,83.5,"PE477_6","PE477",6,7
1,"Cruise_NorthSea_PE477_Algae_PE477_6_15m.fcs compensated","2","14",104200,98.96,83.62,"PE477_6","PE477",6,15
1,"Cruise_NorthSea_PE477_Algae_PE477_6_30m.fcs compensated","2","14",29130,97.44,79.98,"PE477_6","PE477",6,30
1,"Cruise_NorthSea_PE477_Algae_PE477_7_7m_Bottle3.fcs compensated","2","14",235494,99.07,85.38,"PE477_7","PE477",7,7
1,"Cruise_NorthSea_PE477_Algae_PE477_7_15m.fcs compensated","2","14",233116,99.11,85.98,"PE477_7","PE477",7,15
1,"Cruise_NorthSea_PE477_Algae_PE477_7_30m.fcs compensated","2","14",191429,99.13,87.44,"PE477_7","PE477",7,30
1,"Cruise_NorthSea_PE486_Algae_PE486_1_7m.fcs compensated","2","14",4683,83.09,42.72,"PE486_1","PE486",1,7
1,"Cruise_NorthSea_PE486_Algae_PE486_1_15m.fcs compensated","2","14",5227,77.46,39.59,"PE486_1","PE486",1,15
1,"Cruise_NorthSea_PE486_Algae_PE486_1_30m.fcs compensated","2","14",5277,78.07,43.53,"PE486_1","PE486",1,30
1,"Cruise_NorthSea_PE486_Algae_PE486_2_7m.fcs compensated","2","14",2614,79.24,23.85,"PE486_2","PE486",2,7
1,"Cruise_NorthSea_PE486_Algae_PE486_2_15m.fcs compensated","2","14",2820,81.13,28.38,"PE486_2","PE486",2,15
1,"Cruise_NorthSea_PE486_Algae_PE486_2_30m.fcs compensated","2","14",2165,80.51,35.02,"PE486_2","PE486",2,30
1,"Cruise_NorthSea_PE486_Algae_PE486_3_7m.fcs compensated","2","14",620,9.13,7.07,"PE486_3","PE486",3,7
1,"Cruise_NorthSea_PE486_Algae_PE486_3_15m.fcs compensated","2","14",604,6.42,5.42,"PE486_3","PE486",3,15
1,"Cruise_NorthSea_PE486_Algae_PE486_4_7m.fcs compensated","2","14",2453,70.43,15.83,"PE486_4","PE486",4,7
1,"Cruise_NorthSea_PE486_Algae_PE486_4_15m.fcs compensated","2","14",2385,70.75,14.7,"PE486_4","PE486",4,15
1,"Cruise_NorthSea_PE486_Algae_PE486_4_30m.fcs compensated","2","14",1889,84.22,27.01,"PE486_4","PE486",4,30
1,"Cruise_NorthSea_PE486_Algae_PE486_5_7m.fcs compensated","2","14",2827,78.83,37.8,"PE486_5","PE486",5,7
1,"Cruise_NorthSea_PE486_Algae_PE486_5_15m.fcs compensated","2","14",2853,80.28,38.42,"PE486_5","PE486",5,15
1,"Cruise_NorthSea_PE486_Algae_PE486_6_7m.fcs compensated","2","14",1605,85.37,15.09,"PE486_6","PE486",6,7
1,"Cruise_NorthSea_PE486_Algae_PE486_6_15m.fcs compensated","2","14",1268,75.61,19.98,"PE486_6","PE486",6,15
1,"Cruise_NorthSea_PE486_Algae_PE486_7_7m.fcs compensated","2","14",1748,68.15,11.42,"PE486_7","PE486",7,7
1,"Cruise_NorthSea_PE486_Algae_PE486_7_15m.fcs compensated","2","14",1500,23.46,9.85,"PE486_7","PE486",7,15
1,"Cruise_NorthSea_PE486_Algae_PE486_7_30m.fcs compensated","2","14",1240,11.8,7.19,"PE486_7","PE486",7,30
1,"Cruise_NorthSea_PE486_Algae_PE486_8_7m.fcs compensated","2","14",4392,82.48,21.1,"PE486_8","PE486",8,7
1,"Cruise_NorthSea_PE486_Algae_PE486_8_15m.fcs compensated","2","14",3903,82.15,22.14,"PE486_8","PE486",8,15
1,"Cruise_NorthSea_PE486_Algae_PE486_8_30m.fcs compensated","2","14",3127,82.53,38.1,"PE486_8","PE486",8,30
1,"Cruise_NorthSea_PE477_Algae_PE477_1_7m.fcs compensated","2","15",1512,4.4,2.71,"PE477_1","PE477",1,7
1,"Cruise_NorthSea_PE477_Algae_PE477_2_7m.fcs compensated","2","15",260,0.63,0.57,"PE477_2","PE477",2,7
1,"Cruise_NorthSea_PE477_Algae_PE477_2_15m.fcs compensated","2","15",326,0.77,0.68,"PE477_2","PE477",2,15
1,"Cruise_NorthSea_PE477_Algae_PE477_2_30m.fcs compensated","2","15",423,0.99,0.85,"PE477_2","PE477",2,30
1,"Cruise_NorthSea_PE477_Algae_PE477_3_7m.fcs compensated","2","15",296,1.36,0.84,"PE477_3","PE477",3,7
1,"Cruise_NorthSea_PE477_Algae_PE477_3_15m.fcs compensated","2","15",261,1.37,0.84,"PE477_3","PE477",3,15
1,"Cruise_NorthSea_PE477_Algae_PE477_3_30m.fcs compensated","2","15",230,2.23,1.37,"PE477_3","PE477",3,30
1,"Cruise_NorthSea_PE477_Algae_PE477_4_7m.fcs compensated","2","15",128,1.36,0.69,"PE477_4","PE477",4,7
1,"Cruise_NorthSea_PE477_Algae_PE477_4_15m.fcs compensated","2","15",187,1.15,0.96,"PE477_4","PE477",4,15
1,"Cruise_NorthSea_PE477_Algae_PE477_4_30m.fcs compensated","2","15",126,1.1,0.93,"PE477_4","PE477",4,30
1,"Cruise_NorthSea_PE477_Algae_PE477_5_7m.fcs compensated","2","15",1611,1.35,0.96,"PE477_5","PE477",5,7
1,"Cruise_NorthSea_PE477_Algae_PE477_5_15m.fcs compensated","2","15",1579,1.33,0.94,"PE477_5","PE477",5,15
1,"Cruise_NorthSea_PE477_Algae_PE477_5_30m.fcs compensated","2","15",641,1.7,1.2,"PE477_5","PE477",5,30
1,"Cruise_NorthSea_PE477_Algae_PE477_6_7m.fcs compensated","2","15",491,0.47,0.4,"PE477_6","PE477",6,7
1,"Cruise_NorthSea_PE477_Algae_PE477_6_15m.fcs compensated","2","15",530,0.5,0.43,"PE477_6","PE477",6,15
1,"Cruise_NorthSea_PE477_Algae_PE477_6_30m.fcs compensated","2","15",225,0.75,0.62,"PE477_6","PE477",6,30
1,"Cruise_NorthSea_PE477_Algae_PE477_7_7m_Bottle3.fcs compensated","2","15",738,0.31,0.27,"PE477_7","PE477",7,7
1,"Cruise_NorthSea_PE477_Algae_PE477_7_15m.fcs compensated","2","15",752,0.32,0.28,"PE477_7","PE477",7,15
1,"Cruise_NorthSea_PE477_Algae_PE477_7_30m.fcs compensated","2","15",873,0.45,0.4,"PE477_7","PE477",7,30
1,"Cruise_NorthSea_PE486_Algae_PE486_1_7m.fcs compensated","2","15",1350,23.95,12.32,"PE486_1","PE486",1,7
1,"Cruise_NorthSea_PE486_Algae_PE486_1_15m.fcs compensated","2","15",1500,22.23,11.36,"PE486_1","PE486",1,15
1,"Cruise_NorthSea_PE486_Algae_PE486_1_30m.fcs compensated","2","15",1186,17.55,9.78,"PE486_1","PE486",1,30
1,"Cruise_NorthSea_PE486_Algae_PE486_2_7m.fcs compensated","2","15",726,22.01,6.62,"PE486_2","PE486",2,7
1,"Cruise_NorthSea_PE486_Algae_PE486_2_15m.fcs compensated","2","15",132,3.8,1.33,"PE486_2","PE486",2,15
1,"Cruise_NorthSea_PE486_Algae_PE486_2_30m.fcs compensated","2","15",112,4.17,1.81,"PE486_2","PE486",2,30
1,"Cruise_NorthSea_PE486_Algae_PE486_3_7m.fcs compensated","2","15",14,0.21,0.16,"PE486_3","PE486",3,7
1,"Cruise_NorthSea_PE486_Algae_PE486_3_15m.fcs compensated","2","15",25,0.27,0.22,"PE486_3","PE486",3,15
1,"Cruise_NorthSea_PE486_Algae_PE486_4_7m.fcs compensated","2","15",131,3.76,0.85,"PE486_4","PE486",4,7
1,"Cruise_NorthSea_PE486_Algae_PE486_4_15m.fcs compensated","2","15",129,3.83,0.79,"PE486_4","PE486",4,15
1,"Cruise_NorthSea_PE486_Algae_PE486_4_30m.fcs compensated","2","15",116,5.17,1.66,"PE486_4","PE486",4,30
1,"Cruise_NorthSea_PE486_Algae_PE486_5_7m.fcs compensated","2","15",118,3.29,1.58,"PE486_5","PE486",5,7
1,"Cruise_NorthSea_PE486_Algae_PE486_5_15m.fcs compensated","2","15",110,3.1,1.48,"PE486_5","PE486",5,15
1,"Cruise_NorthSea_PE486_Algae_PE486_6_7m.fcs compensated","2","15",47,2.5,0.44,"PE486_6","PE486",6,7
1,"Cruise_NorthSea_PE486_Algae_PE486_6_15m.fcs compensated","2","15",32,1.91,0.5,"PE486_6","PE486",6,15
1,"Cruise_NorthSea_PE486_Algae_PE486_7_7m.fcs compensated","2","15",38,1.48,0.25,"PE486_7","PE486",7,7
1,"Cruise_NorthSea_PE486_Algae_PE486_7_15m.fcs compensated","2","15",26,0.41,0.17,"PE486_7","PE486",7,15
1,"Cruise_NorthSea_PE486_Algae_PE486_7_30m.fcs compensated","2","15",23,0.22,0.13,"PE486_7","PE486",7,30
1,"Cruise_NorthSea_PE486_Algae_PE486_8_7m.fcs compensated","2","15",158,2.97,0.76,"PE486_8","PE486",8,7
1,"Cruise_NorthSea_PE486_Algae_PE486_8_15m.fcs compensated","2","15",148,3.12,0.84,"PE486_8","PE486",8,15
1,"Cruise_NorthSea_PE486_Algae_PE486_8_30m.fcs compensated","2","15",110,2.9,1.34,"PE486_8","PE486",8,30
1,"Cruise_NorthSea_PE477_Algae_PE477_1_7m.fcs compensated","2","16",12,0.03,0.02,"PE477_1","PE477",1,7
1,"Cruise_NorthSea_PE477_Algae_PE477_2_7m.fcs compensated","2","16",36,0.09,0.08,"PE477_2","PE477",2,7
1,"Cruise_NorthSea_PE477_Algae_PE477_2_15m.fcs compensated","2","16",34,0.08,0.07,"PE477_2","PE477",2,15
1,"Cruise_NorthSea_PE477_Algae_PE477_2_30m.fcs compensated","2","16",37,0.09,0.07,"PE477_2","PE477",2,30
1,"Cruise_NorthSea_PE477_Algae_PE477_3_7m.fcs compensated","2","16",32,0.15,0.09,"PE477_3","PE477",3,7
1,"Cruise_NorthSea_PE477_Algae_PE477_3_15m.fcs compensated","2","16",32,0.17,0.1,"PE477_3","PE477",3,15
1,"Cruise_NorthSea_PE477_Algae_PE477_3_30m.fcs compensated","2","16",9,0.09,0.05,"PE477_3","PE477",3,30
1,"Cruise_NorthSea_PE477_Algae_PE477_4_7m.fcs compensated","2","16",44,0.47,0.24,"PE477_4","PE477",4,7
1,"Cruise_NorthSea_PE477_Algae_PE477_4_15m.fcs compensated","2","16",19,0.12,0.1,"PE477_4","PE477",4,15
1,"Cruise_NorthSea_PE477_Algae_PE477_4_30m.fcs compensated","2","16",14,0.12,0.1,"PE477_4","PE477",4,30
1,"Cruise_NorthSea_PE477_Algae_PE477_5_7m.fcs compensated","2","16",115,0.1,0.07,"PE477_5","PE477",5,7
1,"Cruise_NorthSea_PE477_Algae_PE477_5_15m.fcs compensated","2","16",128,0.11,0.08,"PE477_5","PE477",5,15
1,"Cruise_NorthSea_PE477_Algae_PE477_5_30m.fcs compensated","2","16",24,0.06,0.05,"PE477_5","PE477",5,30
1,"Cruise_NorthSea_PE477_Algae_PE477_6_7m.fcs compensated","2","16",16,0.02,0.01,"PE477_6","PE477",6,7
1,"Cruise_NorthSea_PE477_Algae_PE477_6_15m.fcs compensated","2","16",17,0.02,0.01,"PE477_6","PE477",6,15
1,"Cruise_NorthSea_PE477_Algae_PE477_6_30m.fcs compensated","2","16",10,0.03,0.03,"PE477_6","PE477",6,30
1,"Cruise_NorthSea_PE477_Algae_PE477_7_7m_Bottle3.fcs compensated","2","16",35,0.01,0.01,"PE477_7","PE477",7,7
1,"Cruise_NorthSea_PE477_Algae_PE477_7_15m.fcs compensated","2","16",36,0.02,0.01,"PE477_7","PE477",7,15
1,"Cruise_NorthSea_PE477_Algae_PE477_7_30m.fcs compensated","2","16",16,0.01,0.01,"PE477_7","PE477",7,30
1,"Cruise_NorthSea_PE486_Algae_PE486_1_7m.fcs compensated","2","16",298,5.29,2.72,"PE486_1","PE486",1,7
1,"Cruise_NorthSea_PE486_Algae_PE486_1_15m.fcs compensated","2","16",391,5.79,2.96,"PE486_1","PE486",1,15
1,"Cruise_NorthSea_PE486_Algae_PE486_1_30m.fcs compensated","2","16",361,5.34,2.98,"PE486_1","PE486",1,30
1,"Cruise_NorthSea_PE486_Algae_PE486_2_7m.fcs compensated","2","16",305,9.25,2.78,"PE486_2","PE486",2,7
1,"Cruise_NorthSea_PE486_Algae_PE486_2_15m.fcs compensated","2","16",263,7.57,2.65,"PE486_2","PE486",2,15
1,"Cruise_NorthSea_PE486_Algae_PE486_2_30m.fcs compensated","2","16",65,2.42,1.05,"PE486_2","PE486",2,30
1,"Cruise_NorthSea_PE486_Algae_PE486_3_7m.fcs compensated","2","16",15,0.22,0.17,"PE486_3","PE486",3,7
1,"Cruise_NorthSea_PE486_Algae_PE486_3_15m.fcs compensated","2","16",17,0.18,0.15,"PE486_3","PE486",3,15
1,"Cruise_NorthSea_PE486_Algae_PE486_4_7m.fcs compensated","2","16",209,6,1.35,"PE486_4","PE486",4,7
1,"Cruise_NorthSea_PE486_Algae_PE486_4_15m.fcs compensated","2","16",201,5.96,1.24,"PE486_4","PE486",4,15
1,"Cruise_NorthSea_PE486_Algae_PE486_4_30m.fcs compensated","2","16",21,0.94,0.3,"PE486_4","PE486",4,30
1,"Cruise_NorthSea_PE486_Algae_PE486_5_7m.fcs compensated","2","16",82,2.29,1.1,"PE486_5","PE486",5,7
1,"Cruise_NorthSea_PE486_Algae_PE486_5_15m.fcs compensated","2","16",74,2.08,1,"PE486_5","PE486",5,15
1,"Cruise_NorthSea_PE486_Algae_PE486_6_7m.fcs compensated","2","16",8,0.43,0.08,"PE486_6","PE486",6,7
1,"Cruise_NorthSea_PE486_Algae_PE486_6_15m.fcs compensated","2","16",8,0.48,0.13,"PE486_6","PE486",6,15
1,"Cruise_NorthSea_PE486_Algae_PE486_7_7m.fcs compensated","2","16",4,0.16,0.03,"PE486_7","PE486",7,7
1,"Cruise_NorthSea_PE486_Algae_PE486_7_15m.fcs compensated","2","16",8,0.13,0.05,"PE486_7","PE486",7,15
1,"Cruise_NorthSea_PE486_Algae_PE486_7_30m.fcs compensated","2","16",18,0.17,0.1,"PE486_7","PE486",7,30
1,"Cruise_NorthSea_PE486_Algae_PE486_8_7m.fcs compensated","2","16",70,1.31,0.34,"PE486_8","PE486",8,7
1,"Cruise_NorthSea_PE486_Algae_PE486_8_15m.fcs compensated","2","16",69,1.45,0.39,"PE486_8","PE486",8,15
1,"Cruise_NorthSea_PE486_Algae_PE486_8_30m.fcs compensated","2","16",50,1.32,0.61,"PE486_8","PE486",8,30
1,"Cruise_NorthSea_PE477_Algae_PE477_1_7m.fcs compensated","2","17",320,0.93,0.57,"PE477_1","PE477",1,7
1,"Cruise_NorthSea_PE477_Algae_PE477_2_7m.fcs compensated","2","17",379,0.92,0.84,"PE477_2","PE477",2,7
1,"Cruise_NorthSea_PE477_Algae_PE477_2_15m.fcs compensated","2","17",406,0.96,0.85,"PE477_2","PE477",2,15
1,"Cruise_NorthSea_PE477_Algae_PE477_2_30m.fcs compensated","2","17",317,0.74,0.63,"PE477_2","PE477",2,30
1,"Cruise_NorthSea_PE477_Algae_PE477_3_7m.fcs compensated","2","17",245,1.13,0.69,"PE477_3","PE477",3,7
1,"Cruise_NorthSea_PE477_Algae_PE477_3_15m.fcs compensated","2","17",190,1,0.61,"PE477_3","PE477",3,15
1,"Cruise_NorthSea_PE477_Algae_PE477_3_30m.fcs compensated","2","17",118,1.14,0.7,"PE477_3","PE477",3,30
1,"Cruise_NorthSea_PE477_Algae_PE477_4_7m.fcs compensated","2","17",181,1.92,0.98,"PE477_4","PE477",4,7
1,"Cruise_NorthSea_PE477_Algae_PE477_4_15m.fcs compensated","2","17",77,0.48,0.4,"PE477_4","PE477",4,15
1,"Cruise_NorthSea_PE477_Algae_PE477_4_30m.fcs compensated","2","17",65,0.57,0.48,"PE477_4","PE477",4,30
1,"Cruise_NorthSea_PE477_Algae_PE477_5_7m.fcs compensated","2","17",703,0.59,0.42,"PE477_5","PE477",5,7
1,"Cruise_NorthSea_PE477_Algae_PE477_5_15m.fcs compensated","2","17",741,0.62,0.44,"PE477_5","PE477",5,15
1,"Cruise_NorthSea_PE477_Algae_PE477_5_30m.fcs compensated","2","17",310,0.82,0.58,"PE477_5","PE477",5,30
1,"Cruise_NorthSea_PE477_Algae_PE477_6_7m.fcs compensated","2","17",123,0.12,0.1,"PE477_6","PE477",6,7
1,"Cruise_NorthSea_PE477_Algae_PE477_6_15m.fcs compensated","2","17",122,0.12,0.1,"PE477_6","PE477",6,15
1,"Cruise_NorthSea_PE477_Algae_PE477_6_30m.fcs compensated","2","17",95,0.32,0.26,"PE477_6","PE477",6,30
1,"Cruise_NorthSea_PE477_Algae_PE477_7_7m_Bottle3.fcs compensated","2","17",114,0.05,0.04,"PE477_7","PE477",7,7
1,"Cruise_NorthSea_PE477_Algae_PE477_7_15m.fcs compensated","2","17",141,0.06,0.05,"PE477_7","PE477",7,15
1,"Cruise_NorthSea_PE477_Algae_PE477_7_30m.fcs compensated","2","17",148,0.08,0.07,"PE477_7","PE477",7,30
1,"Cruise_NorthSea_PE486_Algae_PE486_1_7m.fcs compensated","2","17",67,1.19,0.61,"PE486_1","PE486",1,7
1,"Cruise_NorthSea_PE486_Algae_PE486_1_15m.fcs compensated","2","17",103,1.53,0.78,"PE486_1","PE486",1,15
1,"Cruise_NorthSea_PE486_Algae_PE486_1_30m.fcs compensated","2","17",76,1.12,0.63,"PE486_1","PE486",1,30
1,"Cruise_NorthSea_PE486_Algae_PE486_2_7m.fcs compensated","2","17",51,1.55,0.47,"PE486_2","PE486",2,7
1,"Cruise_NorthSea_PE486_Algae_PE486_2_15m.fcs compensated","2","17",61,1.75,0.61,"PE486_2","PE486",2,15
1,"Cruise_NorthSea_PE486_Algae_PE486_2_30m.fcs compensated","2","17",36,1.34,0.58,"PE486_2","PE486",2,30
1,"Cruise_NorthSea_PE486_Algae_PE486_3_7m.fcs compensated","2","17",27,0.4,0.31,"PE486_3","PE486",3,7
1,"Cruise_NorthSea_PE486_Algae_PE486_3_15m.fcs compensated","2","17",97,1.03,0.87,"PE486_3","PE486",3,15
1,"Cruise_NorthSea_PE486_Algae_PE486_4_7m.fcs compensated","2","17",270,7.75,1.74,"PE486_4","PE486",4,7
1,"Cruise_NorthSea_PE486_Algae_PE486_4_15m.fcs compensated","2","17",301,8.93,1.85,"PE486_4","PE486",4,15
1,"Cruise_NorthSea_PE486_Algae_PE486_4_30m.fcs compensated","2","17",39,1.74,0.56,"PE486_4","PE486",4,30
1,"Cruise_NorthSea_PE486_Algae_PE486_5_7m.fcs compensated","2","17",164,4.57,2.19,"PE486_5","PE486",5,7
1,"Cruise_NorthSea_PE486_Algae_PE486_5_15m.fcs compensated","2","17",141,3.97,1.9,"PE486_5","PE486",5,15
1,"Cruise_NorthSea_PE486_Algae_PE486_6_7m.fcs compensated","2","17",42,2.23,0.39,"PE486_6","PE486",6,7
1,"Cruise_NorthSea_PE486_Algae_PE486_6_15m.fcs compensated","2","17",32,1.91,0.5,"PE486_6","PE486",6,15
1,"Cruise_NorthSea_PE486_Algae_PE486_7_7m.fcs compensated","2","17",24,0.94,0.16,"PE486_7","PE486",7,7
1,"Cruise_NorthSea_PE486_Algae_PE486_7_15m.fcs compensated","2","17",24,0.38,0.16,"PE486_7","PE486",7,15
1,"Cruise_NorthSea_PE486_Algae_PE486_7_30m.fcs compensated","2","17",41,0.39,0.24,"PE486_7","PE486",7,30
1,"Cruise_NorthSea_PE486_Algae_PE486_8_7m.fcs compensated","2","17",287,5.39,1.38,"PE486_8","PE486",8,7
1,"Cruise_NorthSea_PE486_Algae_PE486_8_15m.fcs compensated","2","17",215,4.53,1.22,"PE486_8","PE486",8,15
1,"Cruise_NorthSea_PE486_Algae_PE486_8_30m.fcs compensated","2","17",84,2.22,1.02,"PE486_8","PE486",8,30
1,"Cruise_NorthSea_PE477_Algae_PE477_1_7m.fcs compensated","2","18",290,0.84,0.52,"PE477_1","PE477",1,7
1,"Cruise_NorthSea_PE477_Algae_PE477_2_7m.fcs compensated","2","18",176,0.43,0.39,"PE477_2","PE477",2,7
1,"Cruise_NorthSea_PE477_Algae_PE477_2_15m.fcs compensated","2","18",217,0.52,0.45,"PE477_2","PE477",2,15
1,"Cruise_NorthSea_PE477_Algae_PE477_2_30m.fcs compensated","2","18",263,0.62,0.53,"PE477_2","PE477",2,30
1,"Cruise_NorthSea_PE477_Algae_PE477_3_7m.fcs compensated","2","18",100,0.46,0.28,"PE477_3","PE477",3,7
1,"Cruise_NorthSea_PE477_Algae_PE477_3_15m.fcs compensated","2","18",79,0.42,0.25,"PE477_3","PE477",3,15
1,"Cruise_NorthSea_PE477_Algae_PE477_3_30m.fcs compensated","2","18",87,0.84,0.52,"PE477_3","PE477",3,30
1,"Cruise_NorthSea_PE477_Algae_PE477_4_7m.fcs compensated","2","18",26,0.28,0.14,"PE477_4","PE477",4,7
1,"Cruise_NorthSea_PE477_Algae_PE477_4_15m.fcs compensated","2","18",63,0.39,0.32,"PE477_4","PE477",4,15
1,"Cruise_NorthSea_PE477_Algae_PE477_4_30m.fcs compensated","2","18",71,0.62,0.52,"PE477_4","PE477",4,30
1,"Cruise_NorthSea_PE477_Algae_PE477_5_7m.fcs compensated","2","18",626,0.53,0.37,"PE477_5","PE477",5,7
1,"Cruise_NorthSea_PE477_Algae_PE477_5_15m.fcs compensated","2","18",569,0.48,0.34,"PE477_5","PE477",5,15
1,"Cruise_NorthSea_PE477_Algae_PE477_5_30m.fcs compensated","2","18",236,0.63,0.44,"PE477_5","PE477",5,30
1,"Cruise_NorthSea_PE477_Algae_PE477_6_7m.fcs compensated","2","18",156,0.15,0.13,"PE477_6","PE477",6,7
1,"Cruise_NorthSea_PE477_Algae_PE477_6_15m.fcs compensated","2","18",146,0.14,0.12,"PE477_6","PE477",6,15
1,"Cruise_NorthSea_PE477_Algae_PE477_6_30m.fcs compensated","2","18",75,0.25,0.21,"PE477_6","PE477",6,30
1,"Cruise_NorthSea_PE477_Algae_PE477_7_7m_Bottle3.fcs compensated","2","18",274,0.12,0.1,"PE477_7","PE477",7,7
1,"Cruise_NorthSea_PE477_Algae_PE477_7_15m.fcs compensated","2","18",289,0.12,0.11,"PE477_7","PE477",7,15
1,"Cruise_NorthSea_PE477_Algae_PE477_7_30m.fcs compensated","2","18",185,0.1,0.08,"PE477_7","PE477",7,30
1,"Cruise_NorthSea_PE486_Algae_PE486_1_7m.fcs compensated","2","18",169,3,1.54,"PE486_1","PE486",1,7
1,"Cruise_NorthSea_PE486_Algae_PE486_1_15m.fcs compensated","2","18",260,3.85,1.97,"PE486_1","PE486",1,15
1,"Cruise_NorthSea_PE486_Algae_PE486_1_30m.fcs compensated","2","18",206,3.05,1.7,"PE486_1","PE486",1,30
1,"Cruise_NorthSea_PE486_Algae_PE486_2_7m.fcs compensated","2","18",98,2.97,0.89,"PE486_2","PE486",2,7
1,"Cruise_NorthSea_PE486_Algae_PE486_2_15m.fcs compensated","2","18",100,2.88,1.01,"PE486_2","PE486",2,15
1,"Cruise_NorthSea_PE486_Algae_PE486_2_30m.fcs compensated","2","18",88,3.27,1.42,"PE486_2","PE486",2,30
1,"Cruise_NorthSea_PE486_Algae_PE486_3_7m.fcs compensated","2","18",3648,53.7,41.57,"PE486_3","PE486",3,7
1,"Cruise_NorthSea_PE486_Algae_PE486_3_15m.fcs compensated","2","18",4305,45.78,38.61,"PE486_3","PE486",3,15
1,"Cruise_NorthSea_PE486_Algae_PE486_4_7m.fcs compensated","2","18",72,2.07,0.46,"PE486_4","PE486",4,7
1,"Cruise_NorthSea_PE486_Algae_PE486_4_15m.fcs compensated","2","18",71,2.11,0.44,"PE486_4","PE486",4,15
1,"Cruise_NorthSea_PE486_Algae_PE486_4_30m.fcs compensated","2","18",23,1.03,0.33,"PE486_4","PE486",4,30
1,"Cruise_NorthSea_PE486_Algae_PE486_5_7m.fcs compensated","2","18",202,5.63,2.7,"PE486_5","PE486",5,7
1,"Cruise_NorthSea_PE486_Algae_PE486_5_15m.fcs compensated","2","18",196,5.51,2.64,"PE486_5","PE486",5,15
1,"Cruise_NorthSea_PE486_Algae_PE486_6_7m.fcs compensated","2","18",91,4.84,0.86,"PE486_6","PE486",6,7
1,"Cruise_NorthSea_PE486_Algae_PE486_6_15m.fcs compensated","2","18",83,4.95,1.31,"PE486_6","PE486",6,15
1,"Cruise_NorthSea_PE486_Algae_PE486_7_7m.fcs compensated","2","18",188,7.33,1.23,"PE486_7","PE486",7,7
1,"Cruise_NorthSea_PE486_Algae_PE486_7_15m.fcs compensated","2","18",213,3.33,1.4,"PE486_7","PE486",7,15
1,"Cruise_NorthSea_PE486_Algae_PE486_7_30m.fcs compensated","2","18",287,2.73,1.66,"PE486_7","PE486",7,30
1,"Cruise_NorthSea_PE486_Algae_PE486_8_7m.fcs compensated","2","18",184,3.46,0.88,"PE486_8","PE486",8,7
1,"Cruise_NorthSea_PE486_Algae_PE486_8_15m.fcs compensated","2","18",194,4.08,1.1,"PE486_8","PE486",8,15
1,"Cruise_NorthSea_PE486_Algae_PE486_8_30m.fcs compensated","2","18",160,4.22,1.95,"PE486_8","PE486",8,30
1,"Cruise_NorthSea_PE477_Algae_PE477_1_7m.fcs compensated","2","19",104,0.3,0.19,"PE477_1","PE477",1,7
1,"Cruise_NorthSea_PE477_Algae_PE477_2_7m.fcs compensated","2","19",72,0.17,0.16,"PE477_2","PE477",2,7
1,"Cruise_NorthSea_PE477_Algae_PE477_2_15m.fcs compensated","2","19",94,0.22,0.2,"PE477_2","PE477",2,15
1,"Cruise_NorthSea_PE477_Algae_PE477_2_30m.fcs compensated","2","19",112,0.26,0.22,"PE477_2","PE477",2,30
1,"Cruise_NorthSea_PE477_Algae_PE477_3_7m.fcs compensated","2","19",59,0.27,0.17,"PE477_3","PE477",3,7
1,"Cruise_NorthSea_PE477_Algae_PE477_3_15m.fcs compensated","2","19",46,0.24,0.15,"PE477_3","PE477",3,15
1,"Cruise_NorthSea_PE477_Algae_PE477_3_30m.fcs compensated","2","19",51,0.49,0.3,"PE477_3","PE477",3,30
1,"Cruise_NorthSea_PE477_Algae_PE477_4_7m.fcs compensated","2","19",29,0.31,0.16,"PE477_4","PE477",4,7
1,"Cruise_NorthSea_PE477_Algae_PE477_4_15m.fcs compensated","2","19",47,0.29,0.24,"PE477_4","PE477",4,15
1,"Cruise_NorthSea_PE477_Algae_PE477_4_30m.fcs compensated","2","19",37,0.32,0.27,"PE477_4","PE477",4,30
1,"Cruise_NorthSea_PE477_Algae_PE477_5_7m.fcs compensated","2","19",240,0.2,0.14,"PE477_5","PE477",5,7
1,"Cruise_NorthSea_PE477_Algae_PE477_5_15m.fcs compensated","2","19",235,0.2,0.14,"PE477_5","PE477",5,15
1,"Cruise_NorthSea_PE477_Algae_PE477_5_30m.fcs compensated","2","19",97,0.26,0.18,"PE477_5","PE477",5,30
1,"Cruise_NorthSea_PE477_Algae_PE477_6_7m.fcs compensated","2","19",103,0.1,0.08,"PE477_6","PE477",6,7
1,"Cruise_NorthSea_PE477_Algae_PE477_6_15m.fcs compensated","2","19",134,0.13,0.11,"PE477_6","PE477",6,15
1,"Cruise_NorthSea_PE477_Algae_PE477_6_30m.fcs compensated","2","19",37,0.12,0.1,"PE477_6","PE477",6,30
1,"Cruise_NorthSea_PE477_Algae_PE477_7_7m_Bottle3.fcs compensated","2","19",302,0.13,0.11,"PE477_7","PE477",7,7
1,"Cruise_NorthSea_PE477_Algae_PE477_7_15m.fcs compensated","2","19",277,0.12,0.1,"PE477_7","PE477",7,15
1,"Cruise_NorthSea_PE477_Algae_PE477_7_30m.fcs compensated","2","19",165,0.09,0.08,"PE477_7","PE477",7,30
1,"Cruise_NorthSea_PE486_Algae_PE486_1_7m.fcs compensated","2","19",63,1.12,0.57,"PE486_1","PE486",1,7
1,"Cruise_NorthSea_PE486_Algae_PE486_1_15m.fcs compensated","2","19",140,2.07,1.06,"PE486_1","PE486",1,15
1,"Cruise_NorthSea_PE486_Algae_PE486_1_30m.fcs compensated","2","19",215,3.18,1.77,"PE486_1","PE486",1,30
1,"Cruise_NorthSea_PE486_Algae_PE486_2_7m.fcs compensated","2","19",23,0.7,0.21,"PE486_2","PE486",2,7
1,"Cruise_NorthSea_PE486_Algae_PE486_2_15m.fcs compensated","2","19",35,1.01,0.35,"PE486_2","PE486",2,15
1,"Cruise_NorthSea_PE486_Algae_PE486_2_30m.fcs compensated","2","19",37,1.38,0.6,"PE486_2","PE486",2,30
1,"Cruise_NorthSea_PE486_Algae_PE486_3_7m.fcs compensated","2","19",2027,29.84,23.1,"PE486_3","PE486",3,7
1,"Cruise_NorthSea_PE486_Algae_PE486_3_15m.fcs compensated","2","19",3892,41.39,34.9,"PE486_3","PE486",3,15
1,"Cruise_NorthSea_PE486_Algae_PE486_4_7m.fcs compensated","2","19",37,1.06,0.24,"PE486_4","PE486",4,7
1,"Cruise_NorthSea_PE486_Algae_PE486_4_15m.fcs compensated","2","19",48,1.42,0.3,"PE486_4","PE486",4,15
1,"Cruise_NorthSea_PE486_Algae_PE486_4_30m.fcs compensated","2","19",22,0.98,0.31,"PE486_4","PE486",4,30
1,"Cruise_NorthSea_PE486_Algae_PE486_5_7m.fcs compensated","2","19",46,1.28,0.62,"PE486_5","PE486",5,7
1,"Cruise_NorthSea_PE486_Algae_PE486_5_15m.fcs compensated","2","19",49,1.38,0.66,"PE486_5","PE486",5,15
1,"Cruise_NorthSea_PE486_Algae_PE486_6_7m.fcs compensated","2","19",28,1.49,0.26,"PE486_6","PE486",6,7
1,"Cruise_NorthSea_PE486_Algae_PE486_6_15m.fcs compensated","2","19",50,2.98,0.79,"PE486_6","PE486",6,15
1,"Cruise_NorthSea_PE486_Algae_PE486_7_7m.fcs compensated","2","19",246,9.59,1.61,"PE486_7","PE486",7,7
1,"Cruise_NorthSea_PE486_Algae_PE486_7_15m.fcs compensated","2","19",1964,30.72,12.9,"PE486_7","PE486",7,15
1,"Cruise_NorthSea_PE486_Algae_PE486_7_30m.fcs compensated","2","19",3916,37.27,22.7,"PE486_7","PE486",7,30
1,"Cruise_NorthSea_PE486_Algae_PE486_8_7m.fcs compensated","2","19",83,1.56,0.4,"PE486_8","PE486",8,7
1,"Cruise_NorthSea_PE486_Algae_PE486_8_15m.fcs compensated","2","19",82,1.73,0.47,"PE486_8","PE486",8,15
1,"Cruise_NorthSea_PE486_Algae_PE486_8_30m.fcs compensated","2","19",49,1.29,0.6,"PE486_8","PE486",8,30
1,"Cruise_NorthSea_PE477_Algae_PE477_1_7m.fcs compensated","1","0",21381,100,38.37,"PE477_1","PE477",1,7
1,"Cruise_NorthSea_PE477_Algae_PE477_2_7m.fcs compensated","1","0",4078,100,9,"PE477_2","PE477",2,7
1,"Cruise_NorthSea_PE477_Algae_PE477_2_15m.fcs compensated","1","0",5687,100,11.89,"PE477_2","PE477",2,15
1,"Cruise_NorthSea_PE477_Algae_PE477_2_30m.fcs compensated","1","0",7481,100,14.98,"PE477_2","PE477",2,30
1,"Cruise_NorthSea_PE477_Algae_PE477_3_7m.fcs compensated","1","0",13920,100,39.45,"PE477_3","PE477",3,7
1,"Cruise_NorthSea_PE477_Algae_PE477_3_15m.fcs compensated","1","0",12400,100,39.8,"PE477_3","PE477",3,15
1,"Cruise_NorthSea_PE477_Algae_PE477_3_30m.fcs compensated","1","0",6527,100,38.93,"PE477_3","PE477",3,30
1,"Cruise_NorthSea_PE477_Algae_PE477_4_7m.fcs compensated","1","0",9272,100,50.13,"PE477_4","PE477",4,7
1,"Cruise_NorthSea_PE477_Algae_PE477_4_15m.fcs compensated","1","0",3421,100,17.6,"PE477_4","PE477",4,15
1,"Cruise_NorthSea_PE477_Algae_PE477_4_30m.fcs compensated","1","0",2211,100,16.28,"PE477_4","PE477",4,30
1,"Cruise_NorthSea_PE477_Algae_PE477_5_7m.fcs compensated","1","0",48132,100,28.82,"PE477_5","PE477",5,7
1,"Cruise_NorthSea_PE477_Algae_PE477_5_15m.fcs compensated","1","0",49724,100,29.58,"PE477_5","PE477",5,15
1,"Cruise_NorthSea_PE477_Algae_PE477_5_30m.fcs compensated","1","0",15703,100,29.48,"PE477_5","PE477",5,30
1,"Cruise_NorthSea_PE477_Algae_PE477_6_7m.fcs compensated","1","0",19344,100,15.77,"PE477_6","PE477",6,7
1,"Cruise_NorthSea_PE477_Algae_PE477_6_15m.fcs compensated","1","0",19471,100,15.63,"PE477_6","PE477",6,15
1,"Cruise_NorthSea_PE477_Algae_PE477_6_30m.fcs compensated","1","0",6613,100,18.16,"PE477_6","PE477",6,30
1,"Cruise_NorthSea_PE477_Algae_PE477_7_7m_Bottle3.fcs compensated","1","0",40090,100,14.53,"PE477_7","PE477",7,7
1,"Cruise_NorthSea_PE477_Algae_PE477_7_15m.fcs compensated","1","0",37320,100,13.76,"PE477_7","PE477",7,15
1,"Cruise_NorthSea_PE477_Algae_PE477_7_30m.fcs compensated","1","0",26177,100,11.96,"PE477_7","PE477",7,30
1,"Cruise_NorthSea_PE486_Algae_PE486_1_7m.fcs compensated","1","0",5469,100,49.89,"PE486_1","PE486",1,7
1,"Cruise_NorthSea_PE486_Algae_PE486_1_15m.fcs compensated","1","0",6796,100,51.47,"PE486_1","PE486",1,15
1,"Cruise_NorthSea_PE486_Algae_PE486_1_30m.fcs compensated","1","0",5668,100,46.75,"PE486_1","PE486",1,30
1,"Cruise_NorthSea_PE486_Algae_PE486_2_7m.fcs compensated","1","0",7735,100,70.56,"PE486_2","PE486",2,7
1,"Cruise_NorthSea_PE486_Algae_PE486_2_15m.fcs compensated","1","0",6489,100,65.31,"PE486_2","PE486",2,15
1,"Cruise_NorthSea_PE486_Algae_PE486_2_30m.fcs compensated","1","0",3572,100,57.77,"PE486_2","PE486",2,30
1,"Cruise_NorthSea_PE486_Algae_PE486_3_7m.fcs compensated","1","0",2570,100,29.29,"PE486_3","PE486",3,7
1,"Cruise_NorthSea_PE486_Algae_PE486_3_15m.fcs compensated","1","0",2681,100,24.04,"PE486_3","PE486",3,15
1,"Cruise_NorthSea_PE486_Algae_PE486_4_7m.fcs compensated","1","0",12393,100,79.97,"PE486_4","PE486",4,7
1,"Cruise_NorthSea_PE486_Algae_PE486_4_15m.fcs compensated","1","0",13144,100,81,"PE486_4","PE486",4,15
1,"Cruise_NorthSea_PE486_Algae_PE486_4_30m.fcs compensated","1","0",4889,100,69.91,"PE486_4","PE486",4,30
1,"Cruise_NorthSea_PE486_Algae_PE486_5_7m.fcs compensated","1","0",3974,100,53.14,"PE486_5","PE486",5,7
1,"Cruise_NorthSea_PE486_Algae_PE486_5_15m.fcs compensated","1","0",3958,100,53.31,"PE486_5","PE486",5,15
1,"Cruise_NorthSea_PE486_Algae_PE486_6_7m.fcs compensated","1","0",8807,100,82.79,"PE486_6","PE486",6,7
1,"Cruise_NorthSea_PE486_Algae_PE486_6_15m.fcs compensated","1","0",4781,100,75.35,"PE486_6","PE486",6,15
1,"Cruise_NorthSea_PE486_Algae_PE486_7_7m.fcs compensated","1","0",12920,100,84.39,"PE486_7","PE486",7,7
1,"Cruise_NorthSea_PE486_Algae_PE486_7_15m.fcs compensated","1","0",10625,100,69.77,"PE486_7","PE486",7,15
1,"Cruise_NorthSea_PE486_Algae_PE486_7_30m.fcs compensated","1","0",10325,100,59.84,"PE486_7","PE486",7,30
1,"Cruise_NorthSea_PE486_Algae_PE486_8_7m.fcs compensated","1","0",15658,100,75.22,"PE486_8","PE486",8,7
1,"Cruise_NorthSea_PE486_Algae_PE486_8_15m.fcs compensated","1","0",13023,100,73.86,"PE486_8","PE486",8,15
1,"Cruise_NorthSea_PE486_Algae_PE486_8_30m.fcs compensated","1","0",4533,100,55.23,"PE486_8","PE486",8,30
1,"Cruise_NorthSea_PE477_Algae_PE477_1_7m.fcs compensated","1","1",21381,100,38.37,"PE477_1","PE477",1,7
1,"Cruise_NorthSea_PE477_Algae_PE477_2_7m.fcs compensated","1","1",4078,100,9,"PE477_2","PE477",2,7
1,"Cruise_NorthSea_PE477_Algae_PE477_2_15m.fcs compensated","1","1",5687,100,11.89,"PE477_2","PE477",2,15
1,"Cruise_NorthSea_PE477_Algae_PE477_2_30m.fcs compensated","1","1",7481,100,14.98,"PE477_2","PE477",2,30
1,"Cruise_NorthSea_PE477_Algae_PE477_3_7m.fcs compensated","1","1",13920,100,39.45,"PE477_3","PE477",3,7
1,"Cruise_NorthSea_PE477_Algae_PE477_3_15m.fcs compensated","1","1",12400,100,39.8,"PE477_3","PE477",3,15
1,"Cruise_NorthSea_PE477_Algae_PE477_3_30m.fcs compensated","1","1",6527,100,38.93,"PE477_3","PE477",3,30
1,"Cruise_NorthSea_PE477_Algae_PE477_4_7m.fcs compensated","1","1",9272,100,50.13,"PE477_4","PE477",4,7
1,"Cruise_NorthSea_PE477_Algae_PE477_4_15m.fcs compensated","1","1",3421,100,17.6,"PE477_4","PE477",4,15
1,"Cruise_NorthSea_PE477_Algae_PE477_4_30m.fcs compensated","1","1",2211,100,16.28,"PE477_4","PE477",4,30
1,"Cruise_NorthSea_PE477_Algae_PE477_5_7m.fcs compensated","1","1",48132,100,28.82,"PE477_5","PE477",5,7
1,"Cruise_NorthSea_PE477_Algae_PE477_5_15m.fcs compensated","1","1",49724,100,29.58,"PE477_5","PE477",5,15
1,"Cruise_NorthSea_PE477_Algae_PE477_5_30m.fcs compensated","1","1",15703,100,29.48,"PE477_5","PE477",5,30
1,"Cruise_NorthSea_PE477_Algae_PE477_6_7m.fcs compensated","1","1",19344,100,15.77,"PE477_6","PE477",6,7
1,"Cruise_NorthSea_PE477_Algae_PE477_6_15m.fcs compensated","1","1",19471,100,15.63,"PE477_6","PE477",6,15
1,"Cruise_NorthSea_PE477_Algae_PE477_6_30m.fcs compensated","1","1",6613,100,18.16,"PE477_6","PE477",6,30
1,"Cruise_NorthSea_PE477_Algae_PE477_7_7m_Bottle3.fcs compensated","1","1",40090,100,14.53,"PE477_7","PE477",7,7
1,"Cruise_NorthSea_PE477_Algae_PE477_7_15m.fcs compensated","1","1",37320,100,13.76,"PE477_7","PE477",7,15
1,"Cruise_NorthSea_PE477_Algae_PE477_7_30m.fcs compensated","1","1",26177,100,11.96,"PE477_7","PE477",7,30
1,"Cruise_NorthSea_PE486_Algae_PE486_1_7m.fcs compensated","1","1",5469,100,49.89,"PE486_1","PE486",1,7
1,"Cruise_NorthSea_PE486_Algae_PE486_1_15m.fcs compensated","1","1",6796,100,51.47,"PE486_1","PE486",1,15
1,"Cruise_NorthSea_PE486_Algae_PE486_1_30m.fcs compensated","1","1",5668,100,46.75,"PE486_1","PE486",1,30
1,"Cruise_NorthSea_PE486_Algae_PE486_2_7m.fcs compensated","1","1",7735,100,70.56,"PE486_2","PE486",2,7
1,"Cruise_NorthSea_PE486_Algae_PE486_2_15m.fcs compensated","1","1",6489,100,65.31,"PE486_2","PE486",2,15
1,"Cruise_NorthSea_PE486_Algae_PE486_2_30m.fcs compensated","1","1",3572,100,57.77,"PE486_2","PE486",2,30
1,"Cruise_NorthSea_PE486_Algae_PE486_3_7m.fcs compensated","1","1",2570,100,29.29,"PE486_3","PE486",3,7
1,"Cruise_NorthSea_PE486_Algae_PE486_3_15m.fcs compensated","1","1",2681,100,24.04,"PE486_3","PE486",3,15
1,"Cruise_NorthSea_PE486_Algae_PE486_4_7m.fcs compensated","1","1",12393,100,79.97,"PE486_4","PE486",4,7
1,"Cruise_NorthSea_PE486_Algae_PE486_4_15m.fcs compensated","1","1",13144,100,81,"PE486_4","PE486",4,15
1,"Cruise_NorthSea_PE486_Algae_PE486_4_30m.fcs compensated","1","1",4889,100,69.91,"PE486_4","PE486",4,30
1,"Cruise_NorthSea_PE486_Algae_PE486_5_7m.fcs compensated","1","1",3974,100,53.14,"PE486_5","PE486",5,7
1,"Cruise_NorthSea_PE486_Algae_PE486_5_15m.fcs compensated","1","1",3958,100,53.31,"PE486_5","PE486",5,15
1,"Cruise_NorthSea_PE486_Algae_PE486_6_7m.fcs compensated","1","1",8807,100,82.79,"PE486_6","PE486",6,7
1,"Cruise_NorthSea_PE486_Algae_PE486_6_15m.fcs compensated","1","1",4781,100,75.35,"PE486_6","PE486",6,15
1,"Cruise_NorthSea_PE486_Algae_PE486_7_7m.fcs compensated","1","1",12920,100,84.39,"PE486_7","PE486",7,7
1,"Cruise_NorthSea_PE486_Algae_PE486_7_15m.fcs compensated","1","1",10625,100,69.77,"PE486_7","PE486",7,15
1,"Cruise_NorthSea_PE486_Algae_PE486_7_30m.fcs compensated","1","1",10325,100,59.84,"PE486_7","PE486",7,30
1,"Cruise_NorthSea_PE486_Algae_PE486_8_7m.fcs compensated","1","1",15658,100,75.22,"PE486_8","PE486",8,7
1,"Cruise_NorthSea_PE486_Algae_PE486_8_15m.fcs compensated","1","1",13023,100,73.86,"PE486_8","PE486",8,15
1,"Cruise_NorthSea_PE486_Algae_PE486_8_30m.fcs compensated","1","1",4533,100,55.23,"PE486_8","PE486",8,30
1,"Cruise_NorthSea_PE477_Algae_PE477_1_7m.fcs compensated","1","4",1011,4.73,1.81,"PE477_1","PE477",1,7
1,"Cruise_NorthSea_PE477_Algae_PE477_2_7m.fcs compensated","1","4",1966,48.21,4.34,"PE477_2","PE477",2,7
1,"Cruise_NorthSea_PE477_Algae_PE477_2_15m.fcs compensated","1","4",2237,39.34,4.68,"PE477_2","PE477",2,15
1,"Cruise_NorthSea_PE477_Algae_PE477_2_30m.fcs compensated","1","4",2324,31.07,4.65,"PE477_2","PE477",2,30
1,"Cruise_NorthSea_PE477_Algae_PE477_3_7m.fcs compensated","1","4",2973,21.36,8.42,"PE477_3","PE477",3,7
1,"Cruise_NorthSea_PE477_Algae_PE477_3_15m.fcs compensated","1","4",2429,19.59,7.8,"PE477_3","PE477",3,15
1,"Cruise_NorthSea_PE477_Algae_PE477_3_30m.fcs compensated","1","4",877,13.44,5.23,"PE477_3","PE477",3,30
1,"Cruise_NorthSea_PE477_Algae_PE477_4_7m.fcs compensated","1","4",1687,18.19,9.12,"PE477_4","PE477",4,7
1,"Cruise_NorthSea_PE477_Algae_PE477_4_15m.fcs compensated","1","4",915,26.75,4.71,"PE477_4","PE477",4,15
1,"Cruise_NorthSea_PE477_Algae_PE477_4_30m.fcs compensated","1","4",613,27.73,4.51,"PE477_4","PE477",4,30
1,"Cruise_NorthSea_PE477_Algae_PE477_5_7m.fcs compensated","1","4",2245,4.66,1.34,"PE477_5","PE477",5,7
1,"Cruise_NorthSea_PE477_Algae_PE477_5_15m.fcs compensated","1","4",2312,4.65,1.38,"PE477_5","PE477",5,15
1,"Cruise_NorthSea_PE477_Algae_PE477_5_30m.fcs compensated","1","4",1052,6.7,1.97,"PE477_5","PE477",5,30
1,"Cruise_NorthSea_PE477_Algae_PE477_6_7m.fcs compensated","1","4",1324,6.84,1.08,"PE477_6","PE477",6,7
1,"Cruise_NorthSea_PE477_Algae_PE477_6_15m.fcs compensated","1","4",1157,5.94,0.93,"PE477_6","PE477",6,15
1,"Cruise_NorthSea_PE477_Algae_PE477_6_30m.fcs compensated","1","4",617,9.33,1.69,"PE477_6","PE477",6,30
1,"Cruise_NorthSea_PE477_Algae_PE477_7_7m_Bottle3.fcs compensated","1","4",1296,3.23,0.47,"PE477_7","PE477",7,7
1,"Cruise_NorthSea_PE477_Algae_PE477_7_15m.fcs compensated","1","4",1361,3.65,0.5,"PE477_7","PE477",7,15
1,"Cruise_NorthSea_PE477_Algae_PE477_7_30m.fcs compensated","1","4",817,3.12,0.37,"PE477_7","PE477",7,30
1,"Cruise_NorthSea_PE486_Algae_PE486_1_7m.fcs compensated","1","4",627,11.46,5.72,"PE486_1","PE486",1,7
1,"Cruise_NorthSea_PE486_Algae_PE486_1_15m.fcs compensated","1","4",685,10.08,5.19,"PE486_1","PE486",1,15
1,"Cruise_NorthSea_PE486_Algae_PE486_1_30m.fcs compensated","1","4",689,12.16,5.68,"PE486_1","PE486",1,30
1,"Cruise_NorthSea_PE486_Algae_PE486_2_7m.fcs compensated","1","4",840,10.86,7.66,"PE486_2","PE486",2,7
1,"Cruise_NorthSea_PE486_Algae_PE486_2_15m.fcs compensated","1","4",589,9.08,5.93,"PE486_2","PE486",2,15
1,"Cruise_NorthSea_PE486_Algae_PE486_2_30m.fcs compensated","1","4",361,10.11,5.84,"PE486_2","PE486",2,30
1,"Cruise_NorthSea_PE486_Algae_PE486_3_7m.fcs compensated","1","4",892,34.71,10.17,"PE486_3","PE486",3,7
1,"Cruise_NorthSea_PE486_Algae_PE486_3_15m.fcs compensated","1","4",1240,46.25,11.12,"PE486_3","PE486",3,15
1,"Cruise_NorthSea_PE486_Algae_PE486_4_7m.fcs compensated","1","4",3238,26.13,20.89,"PE486_4","PE486",4,7
1,"Cruise_NorthSea_PE486_Algae_PE486_4_15m.fcs compensated","1","4",3594,27.34,22.15,"PE486_4","PE486",4,15
1,"Cruise_NorthSea_PE486_Algae_PE486_4_30m.fcs compensated","1","4",2093,42.81,29.93,"PE486_4","PE486",4,30
1,"Cruise_NorthSea_PE486_Algae_PE486_5_7m.fcs compensated","1","4",768,19.33,10.27,"PE486_5","PE486",5,7
1,"Cruise_NorthSea_PE486_Algae_PE486_5_15m.fcs compensated","1","4",777,19.63,10.46,"PE486_5","PE486",5,15
1,"Cruise_NorthSea_PE486_Algae_PE486_6_7m.fcs compensated","1","4",1410,16.01,13.25,"PE486_6","PE486",6,7
1,"Cruise_NorthSea_PE486_Algae_PE486_6_15m.fcs compensated","1","4",1171,24.49,18.46,"PE486_6","PE486",6,15
1,"Cruise_NorthSea_PE486_Algae_PE486_7_7m.fcs compensated","1","4",1652,12.79,10.79,"PE486_7","PE486",7,7
1,"Cruise_NorthSea_PE486_Algae_PE486_7_15m.fcs compensated","1","4",3829,36.04,25.14,"PE486_7","PE486",7,15
1,"Cruise_NorthSea_PE486_Algae_PE486_7_30m.fcs compensated","1","4",5740,55.59,33.27,"PE486_7","PE486",7,30
1,"Cruise_NorthSea_PE486_Algae_PE486_8_7m.fcs compensated","1","4",1102,7.04,5.29,"PE486_8","PE486",8,7
1,"Cruise_NorthSea_PE486_Algae_PE486_8_15m.fcs compensated","1","4",930,7.14,5.27,"PE486_8","PE486",8,15
1,"Cruise_NorthSea_PE486_Algae_PE486_8_30m.fcs compensated","1","4",690,15.22,8.41,"PE486_8","PE486",8,30
1,"Cruise_NorthSea_PE477_Algae_PE477_1_7m.fcs compensated","1","9",26,0.12,0.05,"PE477_1","PE477",1,7
1,"Cruise_NorthSea_PE477_Algae_PE477_2_7m.fcs compensated","1","9",30,0.74,0.07,"PE477_2","PE477",2,7
1,"Cruise_NorthSea_PE477_Algae_PE477_2_15m.fcs compensated","1","9",36,0.63,0.08,"PE477_2","PE477",2,15
1,"Cruise_NorthSea_PE477_Algae_PE477_2_30m.fcs compensated","1","9",54,0.72,0.11,"PE477_2","PE477",2,30
1,"Cruise_NorthSea_PE477_Algae_PE477_3_7m.fcs compensated","1","9",23,0.17,0.07,"PE477_3","PE477",3,7
1,"Cruise_NorthSea_PE477_Algae_PE477_3_15m.fcs compensated","1","9",14,0.11,0.04,"PE477_3","PE477",3,15
1,"Cruise_NorthSea_PE477_Algae_PE477_3_30m.fcs compensated","1","9",9,0.14,0.05,"PE477_3","PE477",3,30
1,"Cruise_NorthSea_PE477_Algae_PE477_4_7m.fcs compensated","1","9",12,0.13,0.06,"PE477_4","PE477",4,7
1,"Cruise_NorthSea_PE477_Algae_PE477_4_15m.fcs compensated","1","9",5,0.15,0.03,"PE477_4","PE477",4,15
1,"Cruise_NorthSea_PE477_Algae_PE477_4_30m.fcs compensated","1","9",6,0.27,0.04,"PE477_4","PE477",4,30
1,"Cruise_NorthSea_PE477_Algae_PE477_5_7m.fcs compensated","1","9",17,0.04,0.01,"PE477_5","PE477",5,7
1,"Cruise_NorthSea_PE477_Algae_PE477_5_15m.fcs compensated","1","9",11,0.02,0.01,"PE477_5","PE477",5,15
1,"Cruise_NorthSea_PE477_Algae_PE477_5_30m.fcs compensated","1","9",9,0.06,0.02,"PE477_5","PE477",5,30
1,"Cruise_NorthSea_PE477_Algae_PE477_6_7m.fcs compensated","1","9",8,0.04,0.01,"PE477_6","PE477",6,7
1,"Cruise_NorthSea_PE477_Algae_PE477_6_15m.fcs compensated","1","9",7,0.04,0.01,"PE477_6","PE477",6,15
1,"Cruise_NorthSea_PE477_Algae_PE477_6_30m.fcs compensated","1","9",5,0.08,0.01,"PE477_6","PE477",6,30
1,"Cruise_NorthSea_PE477_Algae_PE477_7_7m_Bottle3.fcs compensated","1","9",11,0.03,0,"PE477_7","PE477",7,7
1,"Cruise_NorthSea_PE477_Algae_PE477_7_15m.fcs compensated","1","9",9,0.02,0,"PE477_7","PE477",7,15
1,"Cruise_NorthSea_PE477_Algae_PE477_7_30m.fcs compensated","1","9",4,0.02,0,"PE477_7","PE477",7,30
1,"Cruise_NorthSea_PE486_Algae_PE486_1_7m.fcs compensated","1","9",33,0.6,0.3,"PE486_1","PE486",1,7
1,"Cruise_NorthSea_PE486_Algae_PE486_1_15m.fcs compensated","1","9",36,0.53,0.27,"PE486_1","PE486",1,15
1,"Cruise_NorthSea_PE486_Algae_PE486_1_30m.fcs compensated","1","9",114,2.01,0.94,"PE486_1","PE486",1,30
1,"Cruise_NorthSea_PE486_Algae_PE486_2_7m.fcs compensated","1","9",39,0.5,0.36,"PE486_2","PE486",2,7
1,"Cruise_NorthSea_PE486_Algae_PE486_2_15m.fcs compensated","1","9",10,0.15,0.1,"PE486_2","PE486",2,15
1,"Cruise_NorthSea_PE486_Algae_PE486_2_30m.fcs compensated","1","9",10,0.28,0.16,"PE486_2","PE486",2,30
1,"Cruise_NorthSea_PE486_Algae_PE486_3_7m.fcs compensated","1","9",50,1.95,0.57,"PE486_3","PE486",3,7
1,"Cruise_NorthSea_PE486_Algae_PE486_3_15m.fcs compensated","1","9",52,1.94,0.47,"PE486_3","PE486",3,15
1,"Cruise_NorthSea_PE486_Algae_PE486_4_7m.fcs compensated","1","9",91,0.73,0.59,"PE486_4","PE486",4,7
1,"Cruise_NorthSea_PE486_Algae_PE486_4_15m.fcs compensated","1","9",100,0.76,0.62,"PE486_4","PE486",4,15
1,"Cruise_NorthSea_PE486_Algae_PE486_4_30m.fcs compensated","1","9",90,1.84,1.29,"PE486_4","PE486",4,30
1,"Cruise_NorthSea_PE486_Algae_PE486_5_7m.fcs compensated","1","9",25,0.63,0.33,"PE486_5","PE486",5,7
1,"Cruise_NorthSea_PE486_Algae_PE486_5_15m.fcs compensated","1","9",30,0.76,0.4,"PE486_5","PE486",5,15
1,"Cruise_NorthSea_PE486_Algae_PE486_6_7m.fcs compensated","1","9",24,0.27,0.23,"PE486_6","PE486",6,7
1,"Cruise_NorthSea_PE486_Algae_PE486_6_15m.fcs compensated","1","9",39,0.82,0.61,"PE486_6","PE486",6,15
1,"Cruise_NorthSea_PE486_Algae_PE486_7_7m.fcs compensated","1","9",89,0.69,0.58,"PE486_7","PE486",7,7
1,"Cruise_NorthSea_PE486_Algae_PE486_7_15m.fcs compensated","1","9",1066,10.03,7,"PE486_7","PE486",7,15
1,"Cruise_NorthSea_PE486_Algae_PE486_7_30m.fcs compensated","1","9",1693,16.4,9.81,"PE486_7","PE486",7,30
1,"Cruise_NorthSea_PE486_Algae_PE486_8_7m.fcs compensated","1","9",44,0.28,0.21,"PE486_8","PE486",8,7
1,"Cruise_NorthSea_PE486_Algae_PE486_8_15m.fcs compensated","1","9",37,0.28,0.21,"PE486_8","PE486",8,15
1,"Cruise_NorthSea_PE486_Algae_PE486_8_30m.fcs compensated","1","9",34,0.75,0.41,"PE486_8","PE486",8,30
1,"Cruise_NorthSea_PE477_Algae_PE477_1_7m.fcs compensated","1","10",30,0.14,0.05,"PE477_1","PE477",1,7
1,"Cruise_NorthSea_PE477_Algae_PE477_2_7m.fcs compensated","1","10",20,0.49,0.04,"PE477_2","PE477",2,7
1,"Cruise_NorthSea_PE477_Algae_PE477_2_15m.fcs compensated","1","10",27,0.47,0.06,"PE477_2","PE477",2,15
1,"Cruise_NorthSea_PE477_Algae_PE477_2_30m.fcs compensated","1","10",35,0.47,0.07,"PE477_2","PE477",2,30
1,"Cruise_NorthSea_PE477_Algae_PE477_3_7m.fcs compensated","1","10",16,0.11,0.05,"PE477_3","PE477",3,7
1,"Cruise_NorthSea_PE477_Algae_PE477_3_15m.fcs compensated","1","10",9,0.07,0.03,"PE477_3","PE477",3,15
1,"Cruise_NorthSea_PE477_Algae_PE477_3_30m.fcs compensated","1","10",6,0.09,0.04,"PE477_3","PE477",3,30
1,"Cruise_NorthSea_PE477_Algae_PE477_4_7m.fcs compensated","1","10",12,0.13,0.06,"PE477_4","PE477",4,7
1,"Cruise_NorthSea_PE477_Algae_PE477_4_15m.fcs compensated","1","10",8,0.23,0.04,"PE477_4","PE477",4,15
1,"Cruise_NorthSea_PE477_Algae_PE477_4_30m.fcs compensated","1","10",0,0,0,"PE477_4","PE477",4,30
1,"Cruise_NorthSea_PE477_Algae_PE477_5_7m.fcs compensated","1","10",24,0.05,0.01,"PE477_5","PE477",5,7
1,"Cruise_NorthSea_PE477_Algae_PE477_5_15m.fcs compensated","1","10",22,0.04,0.01,"PE477_5","PE477",5,15
1,"Cruise_NorthSea_PE477_Algae_PE477_5_30m.fcs compensated","1","10",15,0.1,0.03,"PE477_5","PE477",5,30
1,"Cruise_NorthSea_PE477_Algae_PE477_6_7m.fcs compensated","1","10",4,0.02,0,"PE477_6","PE477",6,7
1,"Cruise_NorthSea_PE477_Algae_PE477_6_15m.fcs compensated","1","10",8,0.04,0.01,"PE477_6","PE477",6,15
1,"Cruise_NorthSea_PE477_Algae_PE477_6_30m.fcs compensated","1","10",1,0.02,0,"PE477_6","PE477",6,30
1,"Cruise_NorthSea_PE477_Algae_PE477_7_7m_Bottle3.fcs compensated","1","10",14,0.03,0.01,"PE477_7","PE477",7,7
1,"Cruise_NorthSea_PE477_Algae_PE477_7_15m.fcs compensated","1","10",11,0.03,0,"PE477_7","PE477",7,15
1,"Cruise_NorthSea_PE477_Algae_PE477_7_30m.fcs compensated","1","10",4,0.02,0,"PE477_7","PE477",7,30
1,"Cruise_NorthSea_PE486_Algae_PE486_1_7m.fcs compensated","1","10",40,0.73,0.36,"PE486_1","PE486",1,7
1,"Cruise_NorthSea_PE486_Algae_PE486_1_15m.fcs compensated","1","10",47,0.69,0.36,"PE486_1","PE486",1,15
1,"Cruise_NorthSea_PE486_Algae_PE486_1_30m.fcs compensated","1","10",57,1.01,0.47,"PE486_1","PE486",1,30
1,"Cruise_NorthSea_PE486_Algae_PE486_2_7m.fcs compensated","1","10",31,0.4,0.28,"PE486_2","PE486",2,7
1,"Cruise_NorthSea_PE486_Algae_PE486_2_15m.fcs compensated","1","10",17,0.26,0.17,"PE486_2","PE486",2,15
1,"Cruise_NorthSea_PE486_Algae_PE486_2_30m.fcs compensated","1","10",16,0.45,0.26,"PE486_2","PE486",2,30
1,"Cruise_NorthSea_PE486_Algae_PE486_3_7m.fcs compensated","1","10",99,3.85,1.13,"PE486_3","PE486",3,7
1,"Cruise_NorthSea_PE486_Algae_PE486_3_15m.fcs compensated","1","10",107,3.99,0.96,"PE486_3","PE486",3,15
1,"Cruise_NorthSea_PE486_Algae_PE486_4_7m.fcs compensated","1","10",206,1.66,1.33,"PE486_4","PE486",4,7
1,"Cruise_NorthSea_PE486_Algae_PE486_4_15m.fcs compensated","1","10",216,1.64,1.33,"PE486_4","PE486",4,15
1,"Cruise_NorthSea_PE486_Algae_PE486_4_30m.fcs compensated","1","10",56,1.15,0.8,"PE486_4","PE486",4,30
1,"Cruise_NorthSea_PE486_Algae_PE486_5_7m.fcs compensated","1","10",14,0.35,0.19,"PE486_5","PE486",5,7
1,"Cruise_NorthSea_PE486_Algae_PE486_5_15m.fcs compensated","1","10",15,0.38,0.2,"PE486_5","PE486",5,15
1,"Cruise_NorthSea_PE486_Algae_PE486_6_7m.fcs compensated","1","10",35,0.4,0.33,"PE486_6","PE486",6,7
1,"Cruise_NorthSea_PE486_Algae_PE486_6_15m.fcs compensated","1","10",39,0.82,0.61,"PE486_6","PE486",6,15
1,"Cruise_NorthSea_PE486_Algae_PE486_7_7m.fcs compensated","1","10",50,0.39,0.33,"PE486_7","PE486",7,7
1,"Cruise_NorthSea_PE486_Algae_PE486_7_15m.fcs compensated","1","10",905,8.52,5.94,"PE486_7","PE486",7,15
1,"Cruise_NorthSea_PE486_Algae_PE486_7_30m.fcs compensated","1","10",1385,13.41,8.03,"PE486_7","PE486",7,30
1,"Cruise_NorthSea_PE486_Algae_PE486_8_7m.fcs compensated","1","10",36,0.23,0.17,"PE486_8","PE486",8,7
1,"Cruise_NorthSea_PE486_Algae_PE486_8_15m.fcs compensated","1","10",27,0.21,0.15,"PE486_8","PE486",8,15
1,"Cruise_NorthSea_PE486_Algae_PE486_8_30m.fcs compensated","1","10",21,0.46,0.26,"PE486_8","PE486",8,30
1,"Cruise_NorthSea_PE477_Algae_PE477_1_7m.fcs compensated","1","11",32,0.15,0.06,"PE477_1","PE477",1,7
1,"Cruise_NorthSea_PE477_Algae_PE477_2_7m.fcs compensated","1","11",154,3.78,0.34,"PE477_2","PE477",2,7
1,"Cruise_NorthSea_PE477_Algae_PE477_2_15m.fcs compensated","1","11",154,2.71,0.32,"PE477_2","PE477",2,15
1,"Cruise_NorthSea_PE477_Algae_PE477_2_30m.fcs compensated","1","11",173,2.31,0.35,"PE477_2","PE477",2,30
1,"Cruise_NorthSea_PE477_Algae_PE477_3_7m.fcs compensated","1","11",130,0.93,0.37,"PE477_3","PE477",3,7
1,"Cruise_NorthSea_PE477_Algae_PE477_3_15m.fcs compensated","1","11",94,0.76,0.3,"PE477_3","PE477",3,15
1,"Cruise_NorthSea_PE477_Algae_PE477_3_30m.fcs compensated","1","11",23,0.35,0.14,"PE477_3","PE477",3,30
1,"Cruise_NorthSea_PE477_Algae_PE477_4_7m.fcs compensated","1","11",119,1.28,0.64,"PE477_4","PE477",4,7
1,"Cruise_NorthSea_PE477_Algae_PE477_4_15m.fcs compensated","1","11",69,2.02,0.35,"PE477_4","PE477",4,15
1,"Cruise_NorthSea_PE477_Algae_PE477_4_30m.fcs compensated","1","11",72,3.26,0.53,"PE477_4","PE477",4,30
1,"Cruise_NorthSea_PE477_Algae_PE477_5_7m.fcs compensated","1","11",83,0.17,0.05,"PE477_5","PE477",5,7
1,"Cruise_NorthSea_PE477_Algae_PE477_5_15m.fcs compensated","1","11",99,0.2,0.06,"PE477_5","PE477",5,15
1,"Cruise_NorthSea_PE477_Algae_PE477_5_30m.fcs compensated","1","11",32,0.2,0.06,"PE477_5","PE477",5,30
1,"Cruise_NorthSea_PE477_Algae_PE477_6_7m.fcs compensated","1","11",65,0.34,0.05,"PE477_6","PE477",6,7
1,"Cruise_NorthSea_PE477_Algae_PE477_6_15m.fcs compensated","1","11",51,0.26,0.04,"PE477_6","PE477",6,15
1,"Cruise_NorthSea_PE477_Algae_PE477_6_30m.fcs compensated","1","11",48,0.73,0.13,"PE477_6","PE477",6,30
1,"Cruise_NorthSea_PE477_Algae_PE477_7_7m_Bottle3.fcs compensated","1","11",103,0.26,0.04,"PE477_7","PE477",7,7
1,"Cruise_NorthSea_PE477_Algae_PE477_7_15m.fcs compensated","1","11",121,0.32,0.04,"PE477_7","PE477",7,15
1,"Cruise_NorthSea_PE477_Algae_PE477_7_30m.fcs compensated","1","11",45,0.17,0.02,"PE477_7","PE477",7,30
1,"Cruise_NorthSea_PE486_Algae_PE486_1_7m.fcs compensated","1","11",79,1.44,0.72,"PE486_1","PE486",1,7
1,"Cruise_NorthSea_PE486_Algae_PE486_1_15m.fcs compensated","1","11",71,1.04,0.54,"PE486_1","PE486",1,15
1,"Cruise_NorthSea_PE486_Algae_PE486_1_30m.fcs compensated","1","11",62,1.09,0.51,"PE486_1","PE486",1,30
1,"Cruise_NorthSea_PE486_Algae_PE486_2_7m.fcs compensated","1","11",147,1.9,1.34,"PE486_2","PE486",2,7
1,"Cruise_NorthSea_PE486_Algae_PE486_2_15m.fcs compensated","1","11",34,0.52,0.34,"PE486_2","PE486",2,15
1,"Cruise_NorthSea_PE486_Algae_PE486_2_30m.fcs compensated","1","11",32,0.9,0.52,"PE486_2","PE486",2,30
1,"Cruise_NorthSea_PE486_Algae_PE486_3_7m.fcs compensated","1","11",23,0.89,0.26,"PE486_3","PE486",3,7
1,"Cruise_NorthSea_PE486_Algae_PE486_3_15m.fcs compensated","1","11",10,0.37,0.09,"PE486_3","PE486",3,15
1,"Cruise_NorthSea_PE486_Algae_PE486_4_7m.fcs compensated","1","11",273,2.2,1.76,"PE486_4","PE486",4,7
1,"Cruise_NorthSea_PE486_Algae_PE486_4_15m.fcs compensated","1","11",310,2.36,1.91,"PE486_4","PE486",4,15
1,"Cruise_NorthSea_PE486_Algae_PE486_4_30m.fcs compensated","1","11",117,2.39,1.67,"PE486_4","PE486",4,30
1,"Cruise_NorthSea_PE486_Algae_PE486_5_7m.fcs compensated","1","11",65,1.64,0.87,"PE486_5","PE486",5,7
1,"Cruise_NorthSea_PE486_Algae_PE486_5_15m.fcs compensated","1","11",60,1.52,0.81,"PE486_5","PE486",5,15
1,"Cruise_NorthSea_PE486_Algae_PE486_6_7m.fcs compensated","1","11",59,0.67,0.55,"PE486_6","PE486",6,7
1,"Cruise_NorthSea_PE486_Algae_PE486_6_15m.fcs compensated","1","11",68,1.42,1.07,"PE486_6","PE486",6,15
1,"Cruise_NorthSea_PE486_Algae_PE486_7_7m.fcs compensated","1","11",134,1.04,0.88,"PE486_7","PE486",7,7
1,"Cruise_NorthSea_PE486_Algae_PE486_7_15m.fcs compensated","1","11",212,2,1.39,"PE486_7","PE486",7,15
1,"Cruise_NorthSea_PE486_Algae_PE486_7_30m.fcs compensated","1","11",405,3.92,2.35,"PE486_7","PE486",7,30
1,"Cruise_NorthSea_PE486_Algae_PE486_8_7m.fcs compensated","1","11",293,1.87,1.41,"PE486_8","PE486",8,7
1,"Cruise_NorthSea_PE486_Algae_PE486_8_15m.fcs compensated","1","11",169,1.3,0.96,"PE486_8","PE486",8,15
1,"Cruise_NorthSea_PE486_Algae_PE486_8_30m.fcs compensated","1","11",40,0.88,0.49,"PE486_8","PE486",8,30
1,"Cruise_NorthSea_PE477_Algae_PE477_1_7m.fcs compensated","1","12",52,0.24,0.09,"PE477_1","PE477",1,7
1,"Cruise_NorthSea_PE477_Algae_PE477_2_7m.fcs compensated","1","12",116,2.84,0.26,"PE477_2","PE477",2,7
1,"Cruise_NorthSea_PE477_Algae_PE477_2_15m.fcs compensated","1","12",111,1.95,0.23,"PE477_2","PE477",2,15
1,"Cruise_NorthSea_PE477_Algae_PE477_2_30m.fcs compensated","1","12",109,1.46,0.22,"PE477_2","PE477",2,30
1,"Cruise_NorthSea_PE477_Algae_PE477_3_7m.fcs compensated","1","12",345,2.48,0.98,"PE477_3","PE477",3,7
1,"Cruise_NorthSea_PE477_Algae_PE477_3_15m.fcs compensated","1","12",241,1.94,0.77,"PE477_3","PE477",3,15
1,"Cruise_NorthSea_PE477_Algae_PE477_3_30m.fcs compensated","1","12",52,0.8,0.31,"PE477_3","PE477",3,30
1,"Cruise_NorthSea_PE477_Algae_PE477_4_7m.fcs compensated","1","12",306,3.3,1.65,"PE477_4","PE477",4,7
1,"Cruise_NorthSea_PE477_Algae_PE477_4_15m.fcs compensated","1","12",194,5.67,1,"PE477_4","PE477",4,15
1,"Cruise_NorthSea_PE477_Algae_PE477_4_30m.fcs compensated","1","12",134,6.06,0.99,"PE477_4","PE477",4,30
1,"Cruise_NorthSea_PE477_Algae_PE477_5_7m.fcs compensated","1","12",232,0.48,0.14,"PE477_5","PE477",5,7
1,"Cruise_NorthSea_PE477_Algae_PE477_5_15m.fcs compensated","1","12",293,0.59,0.17,"PE477_5","PE477",5,15
1,"Cruise_NorthSea_PE477_Algae_PE477_5_30m.fcs compensated","1","12",56,0.36,0.11,"PE477_5","PE477",5,30
1,"Cruise_NorthSea_PE477_Algae_PE477_6_7m.fcs compensated","1","12",107,0.55,0.09,"PE477_6","PE477",6,7
1,"Cruise_NorthSea_PE477_Algae_PE477_6_15m.fcs compensated","1","12",78,0.4,0.06,"PE477_6","PE477",6,15
1,"Cruise_NorthSea_PE477_Algae_PE477_6_30m.fcs compensated","1","12",42,0.64,0.12,"PE477_6","PE477",6,30
1,"Cruise_NorthSea_PE477_Algae_PE477_7_7m_Bottle3.fcs compensated","1","12",176,0.44,0.06,"PE477_7","PE477",7,7
1,"Cruise_NorthSea_PE477_Algae_PE477_7_15m.fcs compensated","1","12",241,0.65,0.09,"PE477_7","PE477",7,15
1,"Cruise_NorthSea_PE477_Algae_PE477_7_30m.fcs compensated","1","12",105,0.4,0.05,"PE477_7","PE477",7,30
1,"Cruise_NorthSea_PE486_Algae_PE486_1_7m.fcs compensated","1","12",18,0.33,0.16,"PE486_1","PE486",1,7
1,"Cruise_NorthSea_PE486_Algae_PE486_1_15m.fcs compensated","1","12",22,0.32,0.17,"PE486_1","PE486",1,15
1,"Cruise_NorthSea_PE486_Algae_PE486_1_30m.fcs compensated","1","12",20,0.35,0.16,"PE486_1","PE486",1,30
1,"Cruise_NorthSea_PE486_Algae_PE486_2_7m.fcs compensated","1","12",20,0.26,0.18,"PE486_2","PE486",2,7
1,"Cruise_NorthSea_PE486_Algae_PE486_2_15m.fcs compensated","1","12",14,0.22,0.14,"PE486_2","PE486",2,15
1,"Cruise_NorthSea_PE486_Algae_PE486_2_30m.fcs compensated","1","12",12,0.34,0.19,"PE486_2","PE486",2,30
1,"Cruise_NorthSea_PE486_Algae_PE486_3_7m.fcs compensated","1","12",6,0.23,0.07,"PE486_3","PE486",3,7
1,"Cruise_NorthSea_PE486_Algae_PE486_3_15m.fcs compensated","1","12",3,0.11,0.03,"PE486_3","PE486",3,15
1,"Cruise_NorthSea_PE486_Algae_PE486_4_7m.fcs compensated","1","12",248,2,1.6,"PE486_4","PE486",4,7
1,"Cruise_NorthSea_PE486_Algae_PE486_4_15m.fcs compensated","1","12",304,2.31,1.87,"PE486_4","PE486",4,15
1,"Cruise_NorthSea_PE486_Algae_PE486_4_30m.fcs compensated","1","12",81,1.66,1.16,"PE486_4","PE486",4,30
1,"Cruise_NorthSea_PE486_Algae_PE486_5_7m.fcs compensated","1","12",50,1.26,0.67,"PE486_5","PE486",5,7
1,"Cruise_NorthSea_PE486_Algae_PE486_5_15m.fcs compensated","1","12",51,1.29,0.69,"PE486_5","PE486",5,15
1,"Cruise_NorthSea_PE486_Algae_PE486_6_7m.fcs compensated","1","12",68,0.77,0.64,"PE486_6","PE486",6,7
1,"Cruise_NorthSea_PE486_Algae_PE486_6_15m.fcs compensated","1","12",53,1.11,0.84,"PE486_6","PE486",6,15
1,"Cruise_NorthSea_PE486_Algae_PE486_7_7m.fcs compensated","1","12",108,0.84,0.71,"PE486_7","PE486",7,7
1,"Cruise_NorthSea_PE486_Algae_PE486_7_15m.fcs compensated","1","12",89,0.84,0.58,"PE486_7","PE486",7,15
1,"Cruise_NorthSea_PE486_Algae_PE486_7_30m.fcs compensated","1","12",103,1,0.6,"PE486_7","PE486",7,30
1,"Cruise_NorthSea_PE486_Algae_PE486_8_7m.fcs compensated","1","12",91,0.58,0.44,"PE486_8","PE486",8,7
1,"Cruise_NorthSea_PE486_Algae_PE486_8_15m.fcs compensated","1","12",75,0.58,0.43,"PE486_8","PE486",8,15
1,"Cruise_NorthSea_PE486_Algae_PE486_8_30m.fcs compensated","1","12",30,0.66,0.37,"PE486_8","PE486",8,30
1,"Cruise_NorthSea_PE477_Algae_PE477_1_7m.fcs compensated","1","13",5,0.02,0.01,"PE477_1","PE477",1,7
1,"Cruise_NorthSea_PE477_Algae_PE477_2_7m.fcs compensated","1","13",12,0.29,0.03,"PE477_2","PE477",2,7
1,"Cruise_NorthSea_PE477_Algae_PE477_2_15m.fcs compensated","1","13",8,0.14,0.02,"PE477_2","PE477",2,15
1,"Cruise_NorthSea_PE477_Algae_PE477_2_30m.fcs compensated","1","13",9,0.12,0.02,"PE477_2","PE477",2,30
1,"Cruise_NorthSea_PE477_Algae_PE477_3_7m.fcs compensated","1","13",25,0.18,0.07,"PE477_3","PE477",3,7
1,"Cruise_NorthSea_PE477_Algae_PE477_3_15m.fcs compensated","1","13",19,0.15,0.06,"PE477_3","PE477",3,15
1,"Cruise_NorthSea_PE477_Algae_PE477_3_30m.fcs compensated","1","13",6,0.09,0.04,"PE477_3","PE477",3,30
1,"Cruise_NorthSea_PE477_Algae_PE477_4_7m.fcs compensated","1","13",18,0.19,0.1,"PE477_4","PE477",4,7
1,"Cruise_NorthSea_PE477_Algae_PE477_4_15m.fcs compensated","1","13",14,0.41,0.07,"PE477_4","PE477",4,15
1,"Cruise_NorthSea_PE477_Algae_PE477_4_30m.fcs compensated","1","13",8,0.36,0.06,"PE477_4","PE477",4,30
1,"Cruise_NorthSea_PE477_Algae_PE477_5_7m.fcs compensated","1","13",30,0.06,0.02,"PE477_5","PE477",5,7
1,"Cruise_NorthSea_PE477_Algae_PE477_5_15m.fcs compensated","1","13",35,0.07,0.02,"PE477_5","PE477",5,15
1,"Cruise_NorthSea_PE477_Algae_PE477_5_30m.fcs compensated","1","13",7,0.04,0.01,"PE477_5","PE477",5,30
1,"Cruise_NorthSea_PE477_Algae_PE477_6_7m.fcs compensated","1","13",5,0.03,0,"PE477_6","PE477",6,7
1,"Cruise_NorthSea_PE477_Algae_PE477_6_15m.fcs compensated","1","13",6,0.03,0,"PE477_6","PE477",6,15
1,"Cruise_NorthSea_PE477_Algae_PE477_6_30m.fcs compensated","1","13",9,0.14,0.02,"PE477_6","PE477",6,30
1,"Cruise_NorthSea_PE477_Algae_PE477_7_7m_Bottle3.fcs compensated","1","13",12,0.03,0,"PE477_7","PE477",7,7
1,"Cruise_NorthSea_PE477_Algae_PE477_7_15m.fcs compensated","1","13",16,0.04,0.01,"PE477_7","PE477",7,15
1,"Cruise_NorthSea_PE477_Algae_PE477_7_30m.fcs compensated","1","13",8,0.03,0,"PE477_7","PE477",7,30
1,"Cruise_NorthSea_PE486_Algae_PE486_1_7m.fcs compensated","1","13",0,0,0,"PE486_1","PE486",1,7
1,"Cruise_NorthSea_PE486_Algae_PE486_1_15m.fcs compensated","1","13",0,0,0,"PE486_1","PE486",1,15
1,"Cruise_NorthSea_PE486_Algae_PE486_1_30m.fcs compensated","1","13",0,0,0,"PE486_1","PE486",1,30
1,"Cruise_NorthSea_PE486_Algae_PE486_2_7m.fcs compensated","1","13",0,0,0,"PE486_2","PE486",2,7
1,"Cruise_NorthSea_PE486_Algae_PE486_2_15m.fcs compensated","1","13",0,0,0,"PE486_2","PE486",2,15
1,"Cruise_NorthSea_PE486_Algae_PE486_2_30m.fcs compensated","1","13",2,0.06,0.03,"PE486_2","PE486",2,30
1,"Cruise_NorthSea_PE486_Algae_PE486_3_7m.fcs compensated","1","13",0,0,0,"PE486_3","PE486",3,7
1,"Cruise_NorthSea_PE486_Algae_PE486_3_15m.fcs compensated","1","13",0,0,0,"PE486_3","PE486",3,15
1,"Cruise_NorthSea_PE486_Algae_PE486_4_7m.fcs compensated","1","13",5,0.04,0.03,"PE486_4","PE486",4,7
1,"Cruise_NorthSea_PE486_Algae_PE486_4_15m.fcs compensated","1","13",10,0.08,0.06,"PE486_4","PE486",4,15
1,"Cruise_NorthSea_PE486_Algae_PE486_4_30m.fcs compensated","1","13",4,0.08,0.06,"PE486_4","PE486",4,30
1,"Cruise_NorthSea_PE486_Algae_PE486_5_7m.fcs compensated","1","13",2,0.05,0.03,"PE486_5","PE486",5,7
1,"Cruise_NorthSea_PE486_Algae_PE486_5_15m.fcs compensated","1","13",3,0.08,0.04,"PE486_5","PE486",5,15
1,"Cruise_NorthSea_PE486_Algae_PE486_6_7m.fcs compensated","1","13",2,0.02,0.02,"PE486_6","PE486",6,7
1,"Cruise_NorthSea_PE486_Algae_PE486_6_15m.fcs compensated","1","13",0,0,0,"PE486_6","PE486",6,15
1,"Cruise_NorthSea_PE486_Algae_PE486_7_7m.fcs compensated","1","13",0,0,0,"PE486_7","PE486",7,7
1,"Cruise_NorthSea_PE486_Algae_PE486_7_15m.fcs compensated","1","13",1,0.01,0.01,"PE486_7","PE486",7,15
1,"Cruise_NorthSea_PE486_Algae_PE486_7_30m.fcs compensated","1","13",2,0.02,0.01,"PE486_7","PE486",7,30
1,"Cruise_NorthSea_PE486_Algae_PE486_8_7m.fcs compensated","1","13",2,0.01,0.01,"PE486_8","PE486",8,7
1,"Cruise_NorthSea_PE486_Algae_PE486_8_15m.fcs compensated","1","13",2,0.02,0.01,"PE486_8","PE486",8,15
1,"Cruise_NorthSea_PE486_Algae_PE486_8_30m.fcs compensated","1","13",1,0.02,0.01,"PE486_8","PE486",8,30
1,"Cruise_NorthSea_PE477_Algae_PE477_1_7m.fcs compensated","1","3",19541,91.39,35.06,"PE477_1","PE477",1,7
1,"Cruise_NorthSea_PE477_Algae_PE477_2_7m.fcs compensated","1","3",1711,41.96,3.77,"PE477_2","PE477",2,7
1,"Cruise_NorthSea_PE477_Algae_PE477_2_15m.fcs compensated","1","3",1990,34.99,4.16,"PE477_2","PE477",2,15
1,"Cruise_NorthSea_PE477_Algae_PE477_2_30m.fcs compensated","1","3",2016,26.95,4.04,"PE477_2","PE477",2,30
1,"Cruise_NorthSea_PE477_Algae_PE477_3_7m.fcs compensated","1","3",10689,76.79,30.29,"PE477_3","PE477",3,7
1,"Cruise_NorthSea_PE477_Algae_PE477_3_15m.fcs compensated","1","3",9623,77.6,30.88,"PE477_3","PE477",3,15
1,"Cruise_NorthSea_PE477_Algae_PE477_3_30m.fcs compensated","1","3",3364,51.54,20.06,"PE477_3","PE477",3,30
1,"Cruise_NorthSea_PE477_Algae_PE477_4_7m.fcs compensated","1","3",7131,76.91,38.56,"PE477_4","PE477",4,7
1,"Cruise_NorthSea_PE477_Algae_PE477_4_15m.fcs compensated","1","3",1825,53.35,9.39,"PE477_4","PE477",4,15
1,"Cruise_NorthSea_PE477_Algae_PE477_4_30m.fcs compensated","1","3",950,42.97,7,"PE477_4","PE477",4,30
1,"Cruise_NorthSea_PE477_Algae_PE477_5_7m.fcs compensated","1","3",45396,94.32,27.18,"PE477_5","PE477",5,7
1,"Cruise_NorthSea_PE477_Algae_PE477_5_15m.fcs compensated","1","3",46859,94.24,27.88,"PE477_5","PE477",5,15
1,"Cruise_NorthSea_PE477_Algae_PE477_5_30m.fcs compensated","1","3",13776,87.73,25.86,"PE477_5","PE477",5,30
1,"Cruise_NorthSea_PE477_Algae_PE477_6_7m.fcs compensated","1","3",17868,92.37,14.56,"PE477_6","PE477",6,7
1,"Cruise_NorthSea_PE477_Algae_PE477_6_15m.fcs compensated","1","3",18139,93.16,14.56,"PE477_6","PE477",6,15
1,"Cruise_NorthSea_PE477_Algae_PE477_6_30m.fcs compensated","1","3",5180,78.33,14.22,"PE477_6","PE477",6,30
1,"Cruise_NorthSea_PE477_Algae_PE477_7_7m_Bottle3.fcs compensated","1","3",38228,95.36,13.86,"PE477_7","PE477",7,7
1,"Cruise_NorthSea_PE477_Algae_PE477_7_15m.fcs compensated","1","3",35428,94.93,13.07,"PE477_7","PE477",7,15
1,"Cruise_NorthSea_PE477_Algae_PE477_7_30m.fcs compensated","1","3",24967,95.38,11.4,"PE477_7","PE477",7,30
1,"Cruise_NorthSea_PE486_Algae_PE486_1_7m.fcs compensated","1","3",4094,74.86,37.35,"PE486_1","PE486",1,7
1,"Cruise_NorthSea_PE486_Algae_PE486_1_15m.fcs compensated","1","3",4306,63.36,32.61,"PE486_1","PE486",1,15
1,"Cruise_NorthSea_PE486_Algae_PE486_1_30m.fcs compensated","1","3",3752,66.2,30.95,"PE486_1","PE486",1,30
1,"Cruise_NorthSea_PE486_Algae_PE486_2_7m.fcs compensated","1","3",6388,82.59,58.27,"PE486_2","PE486",2,7
1,"Cruise_NorthSea_PE486_Algae_PE486_2_15m.fcs compensated","1","3",5587,86.1,56.23,"PE486_2","PE486",2,15
1,"Cruise_NorthSea_PE486_Algae_PE486_2_30m.fcs compensated","1","3",2650,74.19,42.86,"PE486_2","PE486",2,30
1,"Cruise_NorthSea_PE486_Algae_PE486_3_7m.fcs compensated","1","3",1314,51.13,14.97,"PE486_3","PE486",3,7
1,"Cruise_NorthSea_PE486_Algae_PE486_3_15m.fcs compensated","1","3",1114,41.55,9.99,"PE486_3","PE486",3,15
1,"Cruise_NorthSea_PE486_Algae_PE486_4_7m.fcs compensated","1","3",8740,70.52,56.39,"PE486_4","PE486",4,7
1,"Cruise_NorthSea_PE486_Algae_PE486_4_15m.fcs compensated","1","3",9157,69.67,56.43,"PE486_4","PE486",4,15
1,"Cruise_NorthSea_PE486_Algae_PE486_4_30m.fcs compensated","1","3",2393,48.95,34.22,"PE486_4","PE486",4,30
1,"Cruise_NorthSea_PE486_Algae_PE486_5_7m.fcs compensated","1","3",2558,64.37,34.2,"PE486_5","PE486",5,7
1,"Cruise_NorthSea_PE486_Algae_PE486_5_15m.fcs compensated","1","3",2631,66.47,35.43,"PE486_5","PE486",5,15
1,"Cruise_NorthSea_PE486_Algae_PE486_6_7m.fcs compensated","1","3",6828,77.53,64.18,"PE486_6","PE486",6,7
1,"Cruise_NorthSea_PE486_Algae_PE486_6_15m.fcs compensated","1","3",3226,67.48,50.84,"PE486_6","PE486",6,15
1,"Cruise_NorthSea_PE486_Algae_PE486_7_7m.fcs compensated","1","3",10663,82.53,69.65,"PE486_7","PE486",7,7
1,"Cruise_NorthSea_PE486_Algae_PE486_7_15m.fcs compensated","1","3",5407,50.89,35.51,"PE486_7","PE486",7,15
1,"Cruise_NorthSea_PE486_Algae_PE486_7_30m.fcs compensated","1","3",2503,24.24,14.51,"PE486_7","PE486",7,30
1,"Cruise_NorthSea_PE486_Algae_PE486_8_7m.fcs compensated","1","3",14113,90.13,67.8,"PE486_8","PE486",8,7
1,"Cruise_NorthSea_PE486_Algae_PE486_8_15m.fcs compensated","1","3",11525,88.5,65.37,"PE486_8","PE486",8,15
1,"Cruise_NorthSea_PE486_Algae_PE486_8_30m.fcs compensated","1","3",2693,59.41,32.81,"PE486_8","PE486",8,30
1,"Cruise_NorthSea_PE477_Algae_PE477_1_7m.fcs compensated","1","5",6840,31.99,12.27,"PE477_1","PE477",1,7
1,"Cruise_NorthSea_PE477_Algae_PE477_2_7m.fcs compensated","1","5",1391,34.11,3.07,"PE477_2","PE477",2,7
1,"Cruise_NorthSea_PE477_Algae_PE477_2_15m.fcs compensated","1","5",1331,23.4,2.78,"PE477_2","PE477",2,15
1,"Cruise_NorthSea_PE477_Algae_PE477_2_30m.fcs compensated","1","5",1455,19.45,2.91,"PE477_2","PE477",2,30
1,"Cruise_NorthSea_PE477_Algae_PE477_3_7m.fcs compensated","1","5",5177,37.19,14.67,"PE477_3","PE477",3,7
1,"Cruise_NorthSea_PE477_Algae_PE477_3_15m.fcs compensated","1","5",4686,37.79,15.04,"PE477_3","PE477",3,15
1,"Cruise_NorthSea_PE477_Algae_PE477_3_30m.fcs compensated","1","5",2464,37.75,14.7,"PE477_3","PE477",3,30
1,"Cruise_NorthSea_PE477_Algae_PE477_4_7m.fcs compensated","1","5",3182,34.32,17.2,"PE477_4","PE477",4,7
1,"Cruise_NorthSea_PE477_Algae_PE477_4_15m.fcs compensated","1","5",756,22.1,3.89,"PE477_4","PE477",4,15
1,"Cruise_NorthSea_PE477_Algae_PE477_4_30m.fcs compensated","1","5",490,22.16,3.61,"PE477_4","PE477",4,30
1,"Cruise_NorthSea_PE477_Algae_PE477_5_7m.fcs compensated","1","5",18810,39.08,11.26,"PE477_5","PE477",5,7
1,"Cruise_NorthSea_PE477_Algae_PE477_5_15m.fcs compensated","1","5",19157,38.53,11.4,"PE477_5","PE477",5,15
1,"Cruise_NorthSea_PE477_Algae_PE477_5_30m.fcs compensated","1","5",7780,49.54,14.6,"PE477_5","PE477",5,30
1,"Cruise_NorthSea_PE477_Algae_PE477_6_7m.fcs compensated","1","5",4647,24.02,3.79,"PE477_6","PE477",6,7
1,"Cruise_NorthSea_PE477_Algae_PE477_6_15m.fcs compensated","1","5",4537,23.3,3.64,"PE477_6","PE477",6,15
1,"Cruise_NorthSea_PE477_Algae_PE477_6_30m.fcs compensated","1","5",2038,30.82,5.6,"PE477_6","PE477",6,30
1,"Cruise_NorthSea_PE477_Algae_PE477_7_7m_Bottle3.fcs compensated","1","5",4846,12.09,1.76,"PE477_7","PE477",7,7
1,"Cruise_NorthSea_PE477_Algae_PE477_7_15m.fcs compensated","1","5",5054,13.54,1.86,"PE477_7","PE477",7,15
1,"Cruise_NorthSea_PE477_Algae_PE477_7_30m.fcs compensated","1","5",7734,29.55,3.53,"PE477_7","PE477",7,30
1,"Cruise_NorthSea_PE486_Algae_PE486_1_7m.fcs compensated","1","5",3067,56.08,27.98,"PE486_1","PE486",1,7
1,"Cruise_NorthSea_PE486_Algae_PE486_1_15m.fcs compensated","1","5",2921,42.98,22.12,"PE486_1","PE486",1,15
1,"Cruise_NorthSea_PE486_Algae_PE486_1_30m.fcs compensated","1","5",2594,45.77,21.4,"PE486_1","PE486",1,30
1,"Cruise_NorthSea_PE486_Algae_PE486_2_7m.fcs compensated","1","5",4832,62.47,44.08,"PE486_2","PE486",2,7
1,"Cruise_NorthSea_PE486_Algae_PE486_2_15m.fcs compensated","1","5",4586,70.67,46.16,"PE486_2","PE486",2,15
1,"Cruise_NorthSea_PE486_Algae_PE486_2_30m.fcs compensated","1","5",2185,61.17,35.34,"PE486_2","PE486",2,30
1,"Cruise_NorthSea_PE486_Algae_PE486_3_7m.fcs compensated","1","5",868,33.77,9.89,"PE486_3","PE486",3,7
1,"Cruise_NorthSea_PE486_Algae_PE486_3_15m.fcs compensated","1","5",783,29.21,7.02,"PE486_3","PE486",3,15
1,"Cruise_NorthSea_PE486_Algae_PE486_4_7m.fcs compensated","1","5",6766,54.6,43.66,"PE486_4","PE486",4,7
1,"Cruise_NorthSea_PE486_Algae_PE486_4_15m.fcs compensated","1","5",7065,53.75,43.54,"PE486_4","PE486",4,15
1,"Cruise_NorthSea_PE486_Algae_PE486_4_30m.fcs compensated","1","5",2190,44.79,31.32,"PE486_4","PE486",4,30
1,"Cruise_NorthSea_PE486_Algae_PE486_5_7m.fcs compensated","1","5",2186,55.01,29.23,"PE486_5","PE486",5,7
1,"Cruise_NorthSea_PE486_Algae_PE486_5_15m.fcs compensated","1","5",2287,57.78,30.8,"PE486_5","PE486",5,15
1,"Cruise_NorthSea_PE486_Algae_PE486_6_7m.fcs compensated","1","5",3361,38.16,31.59,"PE486_6","PE486",6,7
1,"Cruise_NorthSea_PE486_Algae_PE486_6_15m.fcs compensated","1","5",2149,44.95,33.87,"PE486_6","PE486",6,15
1,"Cruise_NorthSea_PE486_Algae_PE486_7_7m.fcs compensated","1","5",2486,19.24,16.24,"PE486_7","PE486",7,7
1,"Cruise_NorthSea_PE486_Algae_PE486_7_15m.fcs compensated","1","5",2061,19.4,13.53,"PE486_7","PE486",7,15
1,"Cruise_NorthSea_PE486_Algae_PE486_7_30m.fcs compensated","1","5",1628,15.77,9.44,"PE486_7","PE486",7,30
1,"Cruise_NorthSea_PE486_Algae_PE486_8_7m.fcs compensated","1","5",5851,37.37,28.11,"PE486_8","PE486",8,7
1,"Cruise_NorthSea_PE486_Algae_PE486_8_15m.fcs compensated","1","5",4900,37.63,27.79,"PE486_8","PE486",8,15
1,"Cruise_NorthSea_PE486_Algae_PE486_8_30m.fcs compensated","1","5",2411,53.19,29.37,"PE486_8","PE486",8,30
1,"Cruise_NorthSea_PE477_Algae_PE477_1_7m.fcs compensated","1","6",14392,67.31,25.83,"PE477_1","PE477",1,7
1,"Cruise_NorthSea_PE477_Algae_PE477_2_7m.fcs compensated","1","6",290,7.11,0.64,"PE477_2","PE477",2,7
1,"Cruise_NorthSea_PE477_Algae_PE477_2_15m.fcs compensated","1","6",408,7.17,0.85,"PE477_2","PE477",2,15
1,"Cruise_NorthSea_PE477_Algae_PE477_2_30m.fcs compensated","1","6",539,7.2,1.08,"PE477_2","PE477",2,30
1,"Cruise_NorthSea_PE477_Algae_PE477_3_7m.fcs compensated","1","6",6188,44.45,17.54,"PE477_3","PE477",3,7
1,"Cruise_NorthSea_PE477_Algae_PE477_3_15m.fcs compensated","1","6",5570,44.92,17.88,"PE477_3","PE477",3,15
1,"Cruise_NorthSea_PE477_Algae_PE477_3_30m.fcs compensated","1","6",1065,16.32,6.35,"PE477_3","PE477",3,30
1,"Cruise_NorthSea_PE477_Algae_PE477_4_7m.fcs compensated","1","6",4212,45.43,22.77,"PE477_4","PE477",4,7
1,"Cruise_NorthSea_PE477_Algae_PE477_4_15m.fcs compensated","1","6",1064,31.1,5.47,"PE477_4","PE477",4,15
1,"Cruise_NorthSea_PE477_Algae_PE477_4_30m.fcs compensated","1","6",464,20.99,3.42,"PE477_4","PE477",4,30
1,"Cruise_NorthSea_PE477_Algae_PE477_5_7m.fcs compensated","1","6",29857,62.03,17.88,"PE477_5","PE477",5,7
1,"Cruise_NorthSea_PE477_Algae_PE477_5_15m.fcs compensated","1","6",31140,62.63,18.52,"PE477_5","PE477",5,15
1,"Cruise_NorthSea_PE477_Algae_PE477_5_30m.fcs compensated","1","6",6877,43.79,12.91,"PE477_5","PE477",5,30
1,"Cruise_NorthSea_PE477_Algae_PE477_6_7m.fcs compensated","1","6",14026,72.51,11.43,"PE477_6","PE477",6,7
1,"Cruise_NorthSea_PE477_Algae_PE477_6_15m.fcs compensated","1","6",14380,73.85,11.54,"PE477_6","PE477",6,15
1,"Cruise_NorthSea_PE477_Algae_PE477_6_30m.fcs compensated","1","6",3404,51.47,9.35,"PE477_6","PE477",6,30
1,"Cruise_NorthSea_PE477_Algae_PE477_7_7m_Bottle3.fcs compensated","1","6",32676,81.51,11.85,"PE477_7","PE477",7,7
1,"Cruise_NorthSea_PE477_Algae_PE477_7_15m.fcs compensated","1","6",30290,81.16,11.17,"PE477_7","PE477",7,15
1,"Cruise_NorthSea_PE477_Algae_PE477_7_30m.fcs compensated","1","6",19028,72.69,8.69,"PE477_7","PE477",7,30
1,"Cruise_NorthSea_PE486_Algae_PE486_1_7m.fcs compensated","1","6",1051,19.22,9.59,"PE486_1","PE486",1,7
1,"Cruise_NorthSea_PE486_Algae_PE486_1_15m.fcs compensated","1","6",1240,18.25,9.39,"PE486_1","PE486",1,15
1,"Cruise_NorthSea_PE486_Algae_PE486_1_30m.fcs compensated","1","6",1091,19.25,9,"PE486_1","PE486",1,30
1,"Cruise_NorthSea_PE486_Algae_PE486_2_7m.fcs compensated","1","6",1747,22.59,15.94,"PE486_2","PE486",2,7
1,"Cruise_NorthSea_PE486_Algae_PE486_2_15m.fcs compensated","1","6",1303,20.08,13.11,"PE486_2","PE486",2,15
1,"Cruise_NorthSea_PE486_Algae_PE486_2_30m.fcs compensated","1","6",587,16.43,9.49,"PE486_2","PE486",2,30
1,"Cruise_NorthSea_PE486_Algae_PE486_3_7m.fcs compensated","1","6",437,17,4.98,"PE486_3","PE486",3,7
1,"Cruise_NorthSea_PE486_Algae_PE486_3_15m.fcs compensated","1","6",311,11.6,2.79,"PE486_3","PE486",3,15
1,"Cruise_NorthSea_PE486_Algae_PE486_4_7m.fcs compensated","1","6",2393,19.31,15.44,"PE486_4","PE486",4,7
1,"Cruise_NorthSea_PE486_Algae_PE486_4_15m.fcs compensated","1","6",2628,19.99,16.2,"PE486_4","PE486",4,15
1,"Cruise_NorthSea_PE486_Algae_PE486_4_30m.fcs compensated","1","6",204,4.17,2.92,"PE486_4","PE486",4,30
1,"Cruise_NorthSea_PE486_Algae_PE486_5_7m.fcs compensated","1","6",481,12.1,6.43,"PE486_5","PE486",5,7
1,"Cruise_NorthSea_PE486_Algae_PE486_5_15m.fcs compensated","1","6",476,12.03,6.41,"PE486_5","PE486",5,15
1,"Cruise_NorthSea_PE486_Algae_PE486_6_7m.fcs compensated","1","6",3938,44.71,37.02,"PE486_6","PE486",6,7
1,"Cruise_NorthSea_PE486_Algae_PE486_6_15m.fcs compensated","1","6",1185,24.79,18.68,"PE486_6","PE486",6,15
1,"Cruise_NorthSea_PE486_Algae_PE486_7_7m.fcs compensated","1","6",8670,67.11,56.63,"PE486_7","PE486",7,7
1,"Cruise_NorthSea_PE486_Algae_PE486_7_15m.fcs compensated","1","6",3453,32.5,22.68,"PE486_7","PE486",7,15
1,"Cruise_NorthSea_PE486_Algae_PE486_7_30m.fcs compensated","1","6",778,7.54,4.51,"PE486_7","PE486",7,30
1,"Cruise_NorthSea_PE486_Algae_PE486_8_7m.fcs compensated","1","6",9623,61.46,46.23,"PE486_8","PE486",8,7
1,"Cruise_NorthSea_PE486_Algae_PE486_8_15m.fcs compensated","1","6",7636,58.63,43.31,"PE486_8","PE486",8,15
1,"Cruise_NorthSea_PE486_Algae_PE486_8_30m.fcs compensated","1","6",348,7.68,4.24,"PE486_8","PE486",8,30
1,"Cruise_NorthSea_PE477_Algae_PE477_1_7m.fcs compensated","1","7",278,1.3,0.5,"PE477_1","PE477",1,7
1,"Cruise_NorthSea_PE477_Algae_PE477_2_7m.fcs compensated","1","7",63,1.54,0.14,"PE477_2","PE477",2,7
1,"Cruise_NorthSea_PE477_Algae_PE477_2_15m.fcs compensated","1","7",162,2.85,0.34,"PE477_2","PE477",2,15
1,"Cruise_NorthSea_PE477_Algae_PE477_2_30m.fcs compensated","1","7",85,1.14,0.17,"PE477_2","PE477",2,30
1,"Cruise_NorthSea_PE477_Algae_PE477_3_7m.fcs compensated","1","7",163,1.17,0.46,"PE477_3","PE477",3,7
1,"Cruise_NorthSea_PE477_Algae_PE477_3_15m.fcs compensated","1","7",123,0.99,0.39,"PE477_3","PE477",3,15
1,"Cruise_NorthSea_PE477_Algae_PE477_3_30m.fcs compensated","1","7",41,0.63,0.24,"PE477_3","PE477",3,30
1,"Cruise_NorthSea_PE477_Algae_PE477_4_7m.fcs compensated","1","7",243,2.62,1.31,"PE477_4","PE477",4,7
1,"Cruise_NorthSea_PE477_Algae_PE477_4_15m.fcs compensated","1","7",115,3.36,0.59,"PE477_4","PE477",4,15
1,"Cruise_NorthSea_PE477_Algae_PE477_4_30m.fcs compensated","1","7",43,1.94,0.32,"PE477_4","PE477",4,30
1,"Cruise_NorthSea_PE477_Algae_PE477_5_7m.fcs compensated","1","7",375,0.78,0.22,"PE477_5","PE477",5,7
1,"Cruise_NorthSea_PE477_Algae_PE477_5_15m.fcs compensated","1","7",400,0.8,0.24,"PE477_5","PE477",5,15
1,"Cruise_NorthSea_PE477_Algae_PE477_5_30m.fcs compensated","1","7",150,0.96,0.28,"PE477_5","PE477",5,30
1,"Cruise_NorthSea_PE477_Algae_PE477_6_7m.fcs compensated","1","7",603,3.12,0.49,"PE477_6","PE477",6,7
1,"Cruise_NorthSea_PE477_Algae_PE477_6_15m.fcs compensated","1","7",599,3.08,0.48,"PE477_6","PE477",6,15
1,"Cruise_NorthSea_PE477_Algae_PE477_6_30m.fcs compensated","1","7",125,1.89,0.34,"PE477_6","PE477",6,30
1,"Cruise_NorthSea_PE477_Algae_PE477_7_7m_Bottle3.fcs compensated","1","7",3115,7.77,1.13,"PE477_7","PE477",7,7
1,"Cruise_NorthSea_PE477_Algae_PE477_7_15m.fcs compensated","1","7",2276,6.1,0.84,"PE477_7","PE477",7,15
1,"Cruise_NorthSea_PE477_Algae_PE477_7_30m.fcs compensated","1","7",531,2.03,0.24,"PE477_7","PE477",7,30
1,"Cruise_NorthSea_PE486_Algae_PE486_1_7m.fcs compensated","1","7",125,2.29,1.14,"PE486_1","PE486",1,7
1,"Cruise_NorthSea_PE486_Algae_PE486_1_15m.fcs compensated","1","7",275,4.05,2.08,"PE486_1","PE486",1,15
1,"Cruise_NorthSea_PE486_Algae_PE486_1_30m.fcs compensated","1","7",204,3.6,1.68,"PE486_1","PE486",1,30
1,"Cruise_NorthSea_PE486_Algae_PE486_2_7m.fcs compensated","1","7",61,0.79,0.56,"PE486_2","PE486",2,7
1,"Cruise_NorthSea_PE486_Algae_PE486_2_15m.fcs compensated","1","7",54,0.83,0.54,"PE486_2","PE486",2,15
1,"Cruise_NorthSea_PE486_Algae_PE486_2_30m.fcs compensated","1","7",35,0.98,0.57,"PE486_2","PE486",2,30
1,"Cruise_NorthSea_PE486_Algae_PE486_3_7m.fcs compensated","1","7",42,1.63,0.48,"PE486_3","PE486",3,7
1,"Cruise_NorthSea_PE486_Algae_PE486_3_15m.fcs compensated","1","7",45,1.68,0.4,"PE486_3","PE486",3,15
1,"Cruise_NorthSea_PE486_Algae_PE486_4_7m.fcs compensated","1","7",57,0.46,0.37,"PE486_4","PE486",4,7
1,"Cruise_NorthSea_PE486_Algae_PE486_4_15m.fcs compensated","1","7",55,0.42,0.34,"PE486_4","PE486",4,15
1,"Cruise_NorthSea_PE486_Algae_PE486_4_30m.fcs compensated","1","7",20,0.41,0.29,"PE486_4","PE486",4,30
1,"Cruise_NorthSea_PE486_Algae_PE486_5_7m.fcs compensated","1","7",10,0.25,0.13,"PE486_5","PE486",5,7
1,"Cruise_NorthSea_PE486_Algae_PE486_5_15m.fcs compensated","1","7",6,0.15,0.08,"PE486_5","PE486",5,15
1,"Cruise_NorthSea_PE486_Algae_PE486_6_7m.fcs compensated","1","7",68,0.77,0.64,"PE486_6","PE486",6,7
1,"Cruise_NorthSea_PE486_Algae_PE486_6_15m.fcs compensated","1","7",47,0.98,0.74,"PE486_6","PE486",6,15
1,"Cruise_NorthSea_PE486_Algae_PE486_7_7m.fcs compensated","1","7",139,1.08,0.91,"PE486_7","PE486",7,7
1,"Cruise_NorthSea_PE486_Algae_PE486_7_15m.fcs compensated","1","7",133,1.25,0.87,"PE486_7","PE486",7,15
1,"Cruise_NorthSea_PE486_Algae_PE486_7_30m.fcs compensated","1","7",137,1.33,0.79,"PE486_7","PE486",7,30
1,"Cruise_NorthSea_PE486_Algae_PE486_8_7m.fcs compensated","1","7",124,0.79,0.6,"PE486_8","PE486",8,7
1,"Cruise_NorthSea_PE486_Algae_PE486_8_15m.fcs compensated","1","7",97,0.74,0.55,"PE486_8","PE486",8,15
1,"Cruise_NorthSea_PE486_Algae_PE486_8_30m.fcs compensated","1","7",20,0.44,0.24,"PE486_8","PE486",8,30
1,"Cruise_NorthSea_PE477_Algae_PE477_1_7m.fcs compensated","5","8",526,7.69,0.94,"PE477_1","PE477",1,7
1,"Cruise_NorthSea_PE477_Algae_PE477_2_7m.fcs compensated","5","8",681,48.96,1.5,"PE477_2","PE477",2,7
1,"Cruise_NorthSea_PE477_Algae_PE477_2_15m.fcs compensated","5","8",595,44.7,1.24,"PE477_2","PE477",2,15
1,"Cruise_NorthSea_PE477_Algae_PE477_2_30m.fcs compensated","5","8",639,43.92,1.28,"PE477_2","PE477",2,30
1,"Cruise_NorthSea_PE477_Algae_PE477_3_7m.fcs compensated","5","8",549,10.6,1.56,"PE477_3","PE477",3,7
1,"Cruise_NorthSea_PE477_Algae_PE477_3_15m.fcs compensated","5","8",574,12.25,1.84,"PE477_3","PE477",3,15
1,"Cruise_NorthSea_PE477_Algae_PE477_3_30m.fcs compensated","5","8",568,23.05,3.39,"PE477_3","PE477",3,30
1,"Cruise_NorthSea_PE477_Algae_PE477_4_7m.fcs compensated","5","8",204,6.41,1.1,"PE477_4","PE477",4,7
1,"Cruise_NorthSea_PE477_Algae_PE477_4_15m.fcs compensated","5","8",108,14.29,0.56,"PE477_4","PE477",4,15
1,"Cruise_NorthSea_PE477_Algae_PE477_4_30m.fcs compensated","5","8",116,23.67,0.85,"PE477_4","PE477",4,30
1,"Cruise_NorthSea_PE477_Algae_PE477_5_7m.fcs compensated","5","8",1403,7.46,0.84,"PE477_5","PE477",5,7
1,"Cruise_NorthSea_PE477_Algae_PE477_5_15m.fcs compensated","5","8",1469,7.67,0.87,"PE477_5","PE477",5,15
1,"Cruise_NorthSea_PE477_Algae_PE477_5_30m.fcs compensated","5","8",1333,17.13,2.5,"PE477_5","PE477",5,30
1,"Cruise_NorthSea_PE477_Algae_PE477_6_7m.fcs compensated","5","8",471,10.14,0.38,"PE477_6","PE477",6,7
1,"Cruise_NorthSea_PE477_Algae_PE477_6_15m.fcs compensated","5","8",458,10.09,0.37,"PE477_6","PE477",6,15
1,"Cruise_NorthSea_PE477_Algae_PE477_6_30m.fcs compensated","5","8",309,15.16,0.85,"PE477_6","PE477",6,30
1,"Cruise_NorthSea_PE477_Algae_PE477_7_7m_Bottle3.fcs compensated","5","8",307,6.34,0.11,"PE477_7","PE477",7,7
1,"Cruise_NorthSea_PE477_Algae_PE477_7_15m.fcs compensated","5","8",279,5.52,0.1,"PE477_7","PE477",7,15
1,"Cruise_NorthSea_PE477_Algae_PE477_7_30m.fcs compensated","5","8",329,4.25,0.15,"PE477_7","PE477",7,30
1,"Cruise_NorthSea_PE486_Algae_PE486_1_7m.fcs compensated","5","8",481,15.68,4.39,"PE486_1","PE486",1,7
1,"Cruise_NorthSea_PE486_Algae_PE486_1_15m.fcs compensated","5","8",492,16.84,3.73,"PE486_1","PE486",1,15
1,"Cruise_NorthSea_PE486_Algae_PE486_1_30m.fcs compensated","5","8",548,21.13,4.52,"PE486_1","PE486",1,30
1,"Cruise_NorthSea_PE486_Algae_PE486_2_7m.fcs compensated","5","8",644,13.33,5.87,"PE486_2","PE486",2,7
1,"Cruise_NorthSea_PE486_Algae_PE486_2_15m.fcs compensated","5","8",679,14.81,6.83,"PE486_2","PE486",2,15
1,"Cruise_NorthSea_PE486_Algae_PE486_2_30m.fcs compensated","5","8",335,15.33,5.42,"PE486_2","PE486",2,30
1,"Cruise_NorthSea_PE486_Algae_PE486_3_7m.fcs compensated","5","8",212,24.42,2.42,"PE486_3","PE486",3,7
1,"Cruise_NorthSea_PE486_Algae_PE486_3_15m.fcs compensated","5","8",199,25.42,1.78,"PE486_3","PE486",3,15
1,"Cruise_NorthSea_PE486_Algae_PE486_4_7m.fcs compensated","5","8",986,14.57,6.36,"PE486_4","PE486",4,7
1,"Cruise_NorthSea_PE486_Algae_PE486_4_15m.fcs compensated","5","8",983,13.91,6.06,"PE486_4","PE486",4,15
1,"Cruise_NorthSea_PE486_Algae_PE486_4_30m.fcs compensated","5","8",930,42.47,13.3,"PE486_4","PE486",4,30
1,"Cruise_NorthSea_PE486_Algae_PE486_5_7m.fcs compensated","5","8",452,20.68,6.04,"PE486_5","PE486",5,7
1,"Cruise_NorthSea_PE486_Algae_PE486_5_15m.fcs compensated","5","8",538,23.52,7.25,"PE486_5","PE486",5,15
1,"Cruise_NorthSea_PE486_Algae_PE486_6_7m.fcs compensated","5","8",261,7.77,2.45,"PE486_6","PE486",6,7
1,"Cruise_NorthSea_PE486_Algae_PE486_6_15m.fcs compensated","5","8",296,13.77,4.67,"PE486_6","PE486",6,15
1,"Cruise_NorthSea_PE486_Algae_PE486_7_7m.fcs compensated","5","8",230,9.25,1.5,"PE486_7","PE486",7,7
1,"Cruise_NorthSea_PE486_Algae_PE486_7_15m.fcs compensated","5","8",262,12.71,1.72,"PE486_7","PE486",7,15
1,"Cruise_NorthSea_PE486_Algae_PE486_7_30m.fcs compensated","5","8",506,31.08,2.93,"PE486_7","PE486",7,30
1,"Cruise_NorthSea_PE486_Algae_PE486_8_7m.fcs compensated","5","8",406,6.94,1.95,"PE486_8","PE486",8,7
1,"Cruise_NorthSea_PE486_Algae_PE486_8_15m.fcs compensated","5","8",484,9.88,2.75,"PE486_8","PE486",8,15
1,"Cruise_NorthSea_PE486_Algae_PE486_8_30m.fcs compensated","5","8",587,24.35,7.15,"PE486_8","PE486",8,30
