"Overlay","Filename","Overlay_Gate","Gate","Total_Events","percent_gated_cells","percent_all_cells"
1,"Cruise_NorthSea_PE477_Algae_PE477_1_7m.fcs compensated","Gate 2","None",34400,100,61.73
1,"Cruise_NorthSea_PE477_Algae_PE477_2_7m.fcs compensated","Gate 2","None",41407,100,91.34
1,"Cruise_NorthSea_PE477_Algae_PE477_2_15m.fcs compensated","Gate 2","None",42135,100,88.07
1,"Cruise_NorthSea_PE477_Algae_PE477_2_30m.fcs compensated","Gate 2","None",42637,100,85.36
1,"Cruise_NorthSea_PE477_Algae_PE477_3_7m.fcs compensated","Gate 2","None",21689,100,61.46
1,"Cruise_NorthSea_PE477_Algae_PE477_3_15m.fcs compensated","Gate 2","None",19008,100,61.01
1,"Cruise_NorthSea_PE477_Algae_PE477_3_30m.fcs compensated","Gate 2","None",10334,100,61.63
1,"Cruise_NorthSea_PE477_Algae_PE477_4_7m.fcs compensated","Gate 2","None",9435,100,51.01
1,"Cruise_NorthSea_PE477_Algae_PE477_4_15m.fcs compensated","Gate 2","None",16209,100,83.38
1,"Cruise_NorthSea_PE477_Algae_PE477_4_30m.fcs compensated","Gate 2","None",11502,100,84.69
1,"Cruise_NorthSea_PE477_Algae_PE477_5_7m.fcs compensated","Gate 2","None",119185,100,71.36
1,"Cruise_NorthSea_PE477_Algae_PE477_5_15m.fcs compensated","Gate 2","None",118717,100,70.62
1,"Cruise_NorthSea_PE477_Algae_PE477_5_30m.fcs compensated","Gate 2","None",37675,100,70.72
1,"Cruise_NorthSea_PE477_Algae_PE477_6_7m.fcs compensated","Gate 2","None",103519,100,84.38
1,"Cruise_NorthSea_PE477_Algae_PE477_6_15m.fcs compensated","Gate 2","None",105291,100,84.5
1,"Cruise_NorthSea_PE477_Algae_PE477_6_30m.fcs compensated","Gate 2","None",29896,100,82.08
1,"Cruise_NorthSea_PE477_Algae_PE477_7_7m_Bottle3.fcs compensated","Gate 2","None",237704,100,86.18
1,"Cruise_NorthSea_PE477_Algae_PE477_7_7m_Bottle11.fcs compensated","Gate 2","None",229400,100,86.85
1,"Cruise_NorthSea_PE477_Algae_PE477_7_15m.fcs compensated","Gate 2","None",235215,100,86.75
1,"Cruise_NorthSea_PE477_Algae_PE477_7_30m.fcs compensated","Gate 2","None",193117,100,88.22
1,"Cruise_NorthSea_PE486_Algae_PE486_1_7m.fcs compensated","Gate 2","None",5636,100,51.41
1,"Cruise_NorthSea_PE486_Algae_PE486_1_15m.fcs compensated","Gate 2","None",6748,100,51.11
1,"Cruise_NorthSea_PE486_Algae_PE486_1_30m.fcs compensated","Gate 2","None",6759,100,55.75
1,"Cruise_NorthSea_PE486_Algae_PE486_2_7m.fcs compensated","Gate 2","None",3299,100,30.09
1,"Cruise_NorthSea_PE486_Algae_PE486_2_7m_SSC425.fcs compensated","Gate 2","None",3306,100,30.46
1,"Cruise_NorthSea_PE486_Algae_PE486_2_15m.fcs compensated","Gate 2","None",3476,100,34.98
1,"Cruise_NorthSea_PE486_Algae_PE486_2_30m.fcs compensated","Gate 2","None",2689,100,43.49
1,"Cruise_NorthSea_PE486_Algae_PE486_3_7m.fcs compensated","Gate 2","None",6793,100,77.41
1,"Cruise_NorthSea_PE486_Algae_PE486_3_15m.fcs compensated","Gate 2","None",9404,100,84.33
1,"Cruise_NorthSea_PE486_Algae_PE486_4_7m.fcs compensated","Gate 2","None",3483,100,22.47
1,"Cruise_NorthSea_PE486_Algae_PE486_4_15m.fcs compensated","Gate 2","None",3371,100,20.77
1,"Cruise_NorthSea_PE486_Algae_PE486_4_30m.fcs compensated","Gate 2","None",2243,100,32.07
1,"Cruise_NorthSea_PE486_Algae_PE486_4_xm_Run3.fcs compensated","Gate 2","None",3554,100,22.42
1,"Cruise_NorthSea_PE486_Algae_PE486_4_ym.fcs compensated","Gate 2","None",2356,100,32.56
1,"Cruise_NorthSea_PE486_Algae_PE486_4_zm.fcs compensated","Gate 2","None",3340,100,21.86
1,"Cruise_NorthSea_PE486_Algae_PE486_5_7m.fcs compensated","Gate 2","None",3586,100,47.95
1,"Cruise_NorthSea_PE486_Algae_PE486_5_15m.fcs compensated","Gate 2","None",3554,100,47.87
1,"Cruise_NorthSea_PE486_Algae_PE486_6_7_8m.fcs compensated","Gate 2","None",1585,100,26.81
1,"Cruise_NorthSea_PE486_Algae_PE486_6_7_8m_Run2.fcs compensated","Gate 2","None",1723,100,29.27
1,"Cruise_NorthSea_PE486_Algae_PE486_6_7m.fcs compensated","Gate 2","None",1880,100,17.67
1,"Cruise_NorthSea_PE486_Algae_PE486_6_15m.fcs compensated","Gate 2","None",1677,100,26.43
1,"Cruise_NorthSea_PE486_Algae_PE486_7_7m.fcs compensated","Gate 2","None",2565,100,16.75
1,"Cruise_NorthSea_PE486_Algae_PE486_7_15m.fcs compensated","Gate 2","None",6393,100,41.98
1,"Cruise_NorthSea_PE486_Algae_PE486_7_30m.fcs compensated","Gate 2","None",10508,100,60.91
1,"Cruise_NorthSea_PE486_Algae_PE486_8_2m.fcs compensated","Gate 2","None",5559,100,26
1,"Cruise_NorthSea_PE486_Algae_PE486_8_7m.fcs compensated","Gate 2","None",5325,100,25.58
1,"Cruise_NorthSea_PE486_Algae_PE486_8_15m.fcs compensated","Gate 2","None",4751,100,26.95
1,"Cruise_NorthSea_PE486_Algae_PE486_8_20m.fcs compensated","Gate 2","None",3535,100,46.76
1,"Cruise_NorthSea_PE486_Algae_PE486_8_30m.fcs compensated","Gate 2","None",3789,100,46.16
1,"Cruise_NorthSea_PE486_Algae_PE486_8_40m.fcs compensated","Gate 2","None",4017,100,46.93
1,"Cruise_NorthSea_PE486_Algae_PE486_8_45_8m.fcs compensated","Gate 2","None",4609,100,43.22
1,"Cruise_NorthSea_PE477_Algae_PE477_1_7m.fcs compensated","Gate 2","Gate 14",32687,95.02,58.65
1,"Cruise_NorthSea_PE477_Algae_PE477_2_7m.fcs compensated","Gate 2","Gate 14",40274,97.26,88.84
1,"Cruise_NorthSea_PE477_Algae_PE477_2_15m.fcs compensated","Gate 2","Gate 14",40871,97,85.43
1,"Cruise_NorthSea_PE477_Algae_PE477_2_30m.fcs compensated","Gate 2","Gate 14",41145,96.5,82.37
1,"Cruise_NorthSea_PE477_Algae_PE477_3_7m.fcs compensated","Gate 2","Gate 14",20674,95.32,58.58
1,"Cruise_NorthSea_PE477_Algae_PE477_3_15m.fcs compensated","Gate 2","Gate 14",18150,95.49,58.25
1,"Cruise_NorthSea_PE477_Algae_PE477_3_30m.fcs compensated","Gate 2","Gate 14",9562,92.53,57.03
1,"Cruise_NorthSea_PE477_Algae_PE477_4_7m.fcs compensated","Gate 2","Gate 14",8726,92.49,47.18
1,"Cruise_NorthSea_PE477_Algae_PE477_4_15m.fcs compensated","Gate 2","Gate 14",15584,96.14,80.16
1,"Cruise_NorthSea_PE477_Algae_PE477_4_30m.fcs compensated","Gate 2","Gate 14",10970,95.37,80.77
1,"Cruise_NorthSea_PE477_Algae_PE477_5_7m.fcs compensated","Gate 2","Gate 14",115922,97.26,69.41
1,"Cruise_NorthSea_PE477_Algae_PE477_5_15m.fcs compensated","Gate 2","Gate 14",115493,97.28,68.7
1,"Cruise_NorthSea_PE477_Algae_PE477_5_30m.fcs compensated","Gate 2","Gate 14",36335,96.44,68.21
1,"Cruise_NorthSea_PE477_Algae_PE477_6_7m.fcs compensated","Gate 2","Gate 14",102448,98.97,83.5
1,"Cruise_NorthSea_PE477_Algae_PE477_6_15m.fcs compensated","Gate 2","Gate 14",104200,98.96,83.62
1,"Cruise_NorthSea_PE477_Algae_PE477_6_30m.fcs compensated","Gate 2","Gate 14",29130,97.44,79.98
1,"Cruise_NorthSea_PE477_Algae_PE477_7_7m_Bottle3.fcs compensated","Gate 2","Gate 14",235494,99.07,85.38
1,"Cruise_NorthSea_PE477_Algae_PE477_7_7m_Bottle11.fcs compensated","Gate 2","Gate 14",227195,99.04,86.01
1,"Cruise_NorthSea_PE477_Algae_PE477_7_15m.fcs compensated","Gate 2","Gate 14",233116,99.11,85.98
1,"Cruise_NorthSea_PE477_Algae_PE477_7_30m.fcs compensated","Gate 2","Gate 14",191429,99.13,87.44
1,"Cruise_NorthSea_PE486_Algae_PE486_1_7m.fcs compensated","Gate 2","Gate 14",4683,83.09,42.72
1,"Cruise_NorthSea_PE486_Algae_PE486_1_15m.fcs compensated","Gate 2","Gate 14",5227,77.46,39.59
1,"Cruise_NorthSea_PE486_Algae_PE486_1_30m.fcs compensated","Gate 2","Gate 14",5277,78.07,43.53
1,"Cruise_NorthSea_PE486_Algae_PE486_2_7m.fcs compensated","Gate 2","Gate 14",2614,79.24,23.85
1,"Cruise_NorthSea_PE486_Algae_PE486_2_7m_SSC425.fcs compensated","Gate 2","Gate 14",2564,77.56,23.62
1,"Cruise_NorthSea_PE486_Algae_PE486_2_15m.fcs compensated","Gate 2","Gate 14",2820,81.13,28.38
1,"Cruise_NorthSea_PE486_Algae_PE486_2_30m.fcs compensated","Gate 2","Gate 14",2165,80.51,35.02
1,"Cruise_NorthSea_PE486_Algae_PE486_3_7m.fcs compensated","Gate 2","Gate 14",620,9.13,7.07
1,"Cruise_NorthSea_PE486_Algae_PE486_3_15m.fcs compensated","Gate 2","Gate 14",604,6.42,5.42
1,"Cruise_NorthSea_PE486_Algae_PE486_4_7m.fcs compensated","Gate 2","Gate 14",2453,70.43,15.83
1,"Cruise_NorthSea_PE486_Algae_PE486_4_15m.fcs compensated","Gate 2","Gate 14",2385,70.75,14.7
1,"Cruise_NorthSea_PE486_Algae_PE486_4_30m.fcs compensated","Gate 2","Gate 14",1889,84.22,27.01
1,"Cruise_NorthSea_PE486_Algae_PE486_4_xm_Run3.fcs compensated","Gate 2","Gate 14",2289,64.41,14.44
1,"Cruise_NorthSea_PE486_Algae_PE486_4_ym.fcs compensated","Gate 2","Gate 14",2047,86.88,28.29
1,"Cruise_NorthSea_PE486_Algae_PE486_4_zm.fcs compensated","Gate 2","Gate 14",2397,71.77,15.69
1,"Cruise_NorthSea_PE486_Algae_PE486_5_7m.fcs compensated","Gate 2","Gate 14",2827,78.83,37.8
1,"Cruise_NorthSea_PE486_Algae_PE486_5_15m.fcs compensated","Gate 2","Gate 14",2853,80.28,38.42
1,"Cruise_NorthSea_PE486_Algae_PE486_6_7_8m.fcs compensated","Gate 2","Gate 14",1233,77.79,20.85
1,"Cruise_NorthSea_PE486_Algae_PE486_6_7_8m_Run2.fcs compensated","Gate 2","Gate 14",1372,79.63,23.31
1,"Cruise_NorthSea_PE486_Algae_PE486_6_7m.fcs compensated","Gate 2","Gate 14",1605,85.37,15.09
1,"Cruise_NorthSea_PE486_Algae_PE486_6_15m.fcs compensated","Gate 2","Gate 14",1268,75.61,19.98
1,"Cruise_NorthSea_PE486_Algae_PE486_7_7m.fcs compensated","Gate 2","Gate 14",1748,68.15,11.42
1,"Cruise_NorthSea_PE486_Algae_PE486_7_15m.fcs compensated","Gate 2","Gate 14",1500,23.46,9.85
1,"Cruise_NorthSea_PE486_Algae_PE486_7_30m.fcs compensated","Gate 2","Gate 14",1240,11.8,7.19
1,"Cruise_NorthSea_PE486_Algae_PE486_8_2m.fcs compensated","Gate 2","Gate 14",4333,77.95,20.26
1,"Cruise_NorthSea_PE486_Algae_PE486_8_7m.fcs compensated","Gate 2","Gate 14",4392,82.48,21.1
1,"Cruise_NorthSea_PE486_Algae_PE486_8_15m.fcs compensated","Gate 2","Gate 14",3903,82.15,22.14
1,"Cruise_NorthSea_PE486_Algae_PE486_8_20m.fcs compensated","Gate 2","Gate 14",3033,85.8,40.12
1,"Cruise_NorthSea_PE486_Algae_PE486_8_30m.fcs compensated","Gate 2","Gate 14",3127,82.53,38.1
1,"Cruise_NorthSea_PE486_Algae_PE486_8_40m.fcs compensated","Gate 2","Gate 14",3167,78.84,37
1,"Cruise_NorthSea_PE486_Algae_PE486_8_45_8m.fcs compensated","Gate 2","Gate 14",3240,70.3,30.38
1,"Cruise_NorthSea_PE477_Algae_PE477_1_7m.fcs compensated","Gate 2","Gate 15",1512,4.4,2.71
1,"Cruise_NorthSea_PE477_Algae_PE477_2_7m.fcs compensated","Gate 2","Gate 15",260,0.63,0.57
1,"Cruise_NorthSea_PE477_Algae_PE477_2_15m.fcs compensated","Gate 2","Gate 15",326,0.77,0.68
1,"Cruise_NorthSea_PE477_Algae_PE477_2_30m.fcs compensated","Gate 2","Gate 15",423,0.99,0.85
1,"Cruise_NorthSea_PE477_Algae_PE477_3_7m.fcs compensated","Gate 2","Gate 15",296,1.36,0.84
1,"Cruise_NorthSea_PE477_Algae_PE477_3_15m.fcs compensated","Gate 2","Gate 15",261,1.37,0.84
1,"Cruise_NorthSea_PE477_Algae_PE477_3_30m.fcs compensated","Gate 2","Gate 15",230,2.23,1.37
1,"Cruise_NorthSea_PE477_Algae_PE477_4_7m.fcs compensated","Gate 2","Gate 15",128,1.36,0.69
1,"Cruise_NorthSea_PE477_Algae_PE477_4_15m.fcs compensated","Gate 2","Gate 15",187,1.15,0.96
1,"Cruise_NorthSea_PE477_Algae_PE477_4_30m.fcs compensated","Gate 2","Gate 15",126,1.1,0.93
1,"Cruise_NorthSea_PE477_Algae_PE477_5_7m.fcs compensated","Gate 2","Gate 15",1611,1.35,0.96
1,"Cruise_NorthSea_PE477_Algae_PE477_5_15m.fcs compensated","Gate 2","Gate 15",1579,1.33,0.94
1,"Cruise_NorthSea_PE477_Algae_PE477_5_30m.fcs compensated","Gate 2","Gate 15",641,1.7,1.2
1,"Cruise_NorthSea_PE477_Algae_PE477_6_7m.fcs compensated","Gate 2","Gate 15",491,0.47,0.4
1,"Cruise_NorthSea_PE477_Algae_PE477_6_15m.fcs compensated","Gate 2","Gate 15",530,0.5,0.43
1,"Cruise_NorthSea_PE477_Algae_PE477_6_30m.fcs compensated","Gate 2","Gate 15",225,0.75,0.62
1,"Cruise_NorthSea_PE477_Algae_PE477_7_7m_Bottle3.fcs compensated","Gate 2","Gate 15",738,0.31,0.27
1,"Cruise_NorthSea_PE477_Algae_PE477_7_7m_Bottle11.fcs compensated","Gate 2","Gate 15",817,0.36,0.31
1,"Cruise_NorthSea_PE477_Algae_PE477_7_15m.fcs compensated","Gate 2","Gate 15",752,0.32,0.28
1,"Cruise_NorthSea_PE477_Algae_PE477_7_30m.fcs compensated","Gate 2","Gate 15",873,0.45,0.4
1,"Cruise_NorthSea_PE486_Algae_PE486_1_7m.fcs compensated","Gate 2","Gate 15",1350,23.95,12.32
1,"Cruise_NorthSea_PE486_Algae_PE486_1_15m.fcs compensated","Gate 2","Gate 15",1500,22.23,11.36
1,"Cruise_NorthSea_PE486_Algae_PE486_1_30m.fcs compensated","Gate 2","Gate 15",1186,17.55,9.78
1,"Cruise_NorthSea_PE486_Algae_PE486_2_7m.fcs compensated","Gate 2","Gate 15",726,22.01,6.62
1,"Cruise_NorthSea_PE486_Algae_PE486_2_7m_SSC425.fcs compensated","Gate 2","Gate 15",130,3.93,1.2
1,"Cruise_NorthSea_PE486_Algae_PE486_2_15m.fcs compensated","Gate 2","Gate 15",132,3.8,1.33
1,"Cruise_NorthSea_PE486_Algae_PE486_2_30m.fcs compensated","Gate 2","Gate 15",112,4.17,1.81
1,"Cruise_NorthSea_PE486_Algae_PE486_3_7m.fcs compensated","Gate 2","Gate 15",14,0.21,0.16
1,"Cruise_NorthSea_PE486_Algae_PE486_3_15m.fcs compensated","Gate 2","Gate 15",25,0.27,0.22
1,"Cruise_NorthSea_PE486_Algae_PE486_4_7m.fcs compensated","Gate 2","Gate 15",131,3.76,0.85
1,"Cruise_NorthSea_PE486_Algae_PE486_4_15m.fcs compensated","Gate 2","Gate 15",129,3.83,0.79
1,"Cruise_NorthSea_PE486_Algae_PE486_4_30m.fcs compensated","Gate 2","Gate 15",116,5.17,1.66
1,"Cruise_NorthSea_PE486_Algae_PE486_4_xm_Run3.fcs compensated","Gate 2","Gate 15",461,12.97,2.91
1,"Cruise_NorthSea_PE486_Algae_PE486_4_ym.fcs compensated","Gate 2","Gate 15",410,17.4,5.67
1,"Cruise_NorthSea_PE486_Algae_PE486_4_zm.fcs compensated","Gate 2","Gate 15",436,13.05,2.85
1,"Cruise_NorthSea_PE486_Algae_PE486_5_7m.fcs compensated","Gate 2","Gate 15",118,3.29,1.58
1,"Cruise_NorthSea_PE486_Algae_PE486_5_15m.fcs compensated","Gate 2","Gate 15",110,3.1,1.48
1,"Cruise_NorthSea_PE486_Algae_PE486_6_7_8m.fcs compensated","Gate 2","Gate 15",31,1.96,0.52
1,"Cruise_NorthSea_PE486_Algae_PE486_6_7_8m_Run2.fcs compensated","Gate 2","Gate 15",29,1.68,0.49
1,"Cruise_NorthSea_PE486_Algae_PE486_6_7m.fcs compensated","Gate 2","Gate 15",47,2.5,0.44
1,"Cruise_NorthSea_PE486_Algae_PE486_6_15m.fcs compensated","Gate 2","Gate 15",32,1.91,0.5
1,"Cruise_NorthSea_PE486_Algae_PE486_7_7m.fcs compensated","Gate 2","Gate 15",38,1.48,0.25
1,"Cruise_NorthSea_PE486_Algae_PE486_7_15m.fcs compensated","Gate 2","Gate 15",26,0.41,0.17
1,"Cruise_NorthSea_PE486_Algae_PE486_7_30m.fcs compensated","Gate 2","Gate 15",23,0.22,0.13
1,"Cruise_NorthSea_PE486_Algae_PE486_8_2m.fcs compensated","Gate 2","Gate 15",139,2.5,0.65
1,"Cruise_NorthSea_PE486_Algae_PE486_8_7m.fcs compensated","Gate 2","Gate 15",158,2.97,0.76
1,"Cruise_NorthSea_PE486_Algae_PE486_8_15m.fcs compensated","Gate 2","Gate 15",148,3.12,0.84
1,"Cruise_NorthSea_PE486_Algae_PE486_8_20m.fcs compensated","Gate 2","Gate 15",115,3.25,1.52
1,"Cruise_NorthSea_PE486_Algae_PE486_8_30m.fcs compensated","Gate 2","Gate 15",110,2.9,1.34
1,"Cruise_NorthSea_PE486_Algae_PE486_8_40m.fcs compensated","Gate 2","Gate 15",117,2.91,1.37
1,"Cruise_NorthSea_PE486_Algae_PE486_8_45_8m.fcs compensated","Gate 2","Gate 15",124,2.69,1.16
1,"Cruise_NorthSea_PE477_Algae_PE477_1_7m.fcs compensated","Gate 2","Gate 16",12,0.03,0.02
1,"Cruise_NorthSea_PE477_Algae_PE477_2_7m.fcs compensated","Gate 2","Gate 16",36,0.09,0.08
1,"Cruise_NorthSea_PE477_Algae_PE477_2_15m.fcs compensated","Gate 2","Gate 16",34,0.08,0.07
1,"Cruise_NorthSea_PE477_Algae_PE477_2_30m.fcs compensated","Gate 2","Gate 16",37,0.09,0.07
1,"Cruise_NorthSea_PE477_Algae_PE477_3_7m.fcs compensated","Gate 2","Gate 16",32,0.15,0.09
1,"Cruise_NorthSea_PE477_Algae_PE477_3_15m.fcs compensated","Gate 2","Gate 16",32,0.17,0.1
1,"Cruise_NorthSea_PE477_Algae_PE477_3_30m.fcs compensated","Gate 2","Gate 16",9,0.09,0.05
1,"Cruise_NorthSea_PE477_Algae_PE477_4_7m.fcs compensated","Gate 2","Gate 16",44,0.47,0.24
1,"Cruise_NorthSea_PE477_Algae_PE477_4_15m.fcs compensated","Gate 2","Gate 16",19,0.12,0.1
1,"Cruise_NorthSea_PE477_Algae_PE477_4_30m.fcs compensated","Gate 2","Gate 16",14,0.12,0.1
1,"Cruise_NorthSea_PE477_Algae_PE477_5_7m.fcs compensated","Gate 2","Gate 16",115,0.1,0.07
1,"Cruise_NorthSea_PE477_Algae_PE477_5_15m.fcs compensated","Gate 2","Gate 16",128,0.11,0.08
1,"Cruise_NorthSea_PE477_Algae_PE477_5_30m.fcs compensated","Gate 2","Gate 16",24,0.06,0.05
1,"Cruise_NorthSea_PE477_Algae_PE477_6_7m.fcs compensated","Gate 2","Gate 16",16,0.02,0.01
1,"Cruise_NorthSea_PE477_Algae_PE477_6_15m.fcs compensated","Gate 2","Gate 16",17,0.02,0.01
1,"Cruise_NorthSea_PE477_Algae_PE477_6_30m.fcs compensated","Gate 2","Gate 16",10,0.03,0.03
1,"Cruise_NorthSea_PE477_Algae_PE477_7_7m_Bottle3.fcs compensated","Gate 2","Gate 16",35,0.01,0.01
1,"Cruise_NorthSea_PE477_Algae_PE477_7_7m_Bottle11.fcs compensated","Gate 2","Gate 16",24,0.01,0.01
1,"Cruise_NorthSea_PE477_Algae_PE477_7_15m.fcs compensated","Gate 2","Gate 16",36,0.02,0.01
1,"Cruise_NorthSea_PE477_Algae_PE477_7_30m.fcs compensated","Gate 2","Gate 16",16,0.01,0.01
1,"Cruise_NorthSea_PE486_Algae_PE486_1_7m.fcs compensated","Gate 2","Gate 16",298,5.29,2.72
1,"Cruise_NorthSea_PE486_Algae_PE486_1_15m.fcs compensated","Gate 2","Gate 16",391,5.79,2.96
1,"Cruise_NorthSea_PE486_Algae_PE486_1_30m.fcs compensated","Gate 2","Gate 16",361,5.34,2.98
1,"Cruise_NorthSea_PE486_Algae_PE486_2_7m.fcs compensated","Gate 2","Gate 16",305,9.25,2.78
1,"Cruise_NorthSea_PE486_Algae_PE486_2_7m_SSC425.fcs compensated","Gate 2","Gate 16",312,9.44,2.87
1,"Cruise_NorthSea_PE486_Algae_PE486_2_15m.fcs compensated","Gate 2","Gate 16",263,7.57,2.65
1,"Cruise_NorthSea_PE486_Algae_PE486_2_30m.fcs compensated","Gate 2","Gate 16",65,2.42,1.05
1,"Cruise_NorthSea_PE486_Algae_PE486_3_7m.fcs compensated","Gate 2","Gate 16",15,0.22,0.17
1,"Cruise_NorthSea_PE486_Algae_PE486_3_15m.fcs compensated","Gate 2","Gate 16",17,0.18,0.15
1,"Cruise_NorthSea_PE486_Algae_PE486_4_7m.fcs compensated","Gate 2","Gate 16",209,6,1.35
1,"Cruise_NorthSea_PE486_Algae_PE486_4_15m.fcs compensated","Gate 2","Gate 16",201,5.96,1.24
1,"Cruise_NorthSea_PE486_Algae_PE486_4_30m.fcs compensated","Gate 2","Gate 16",21,0.94,0.3
1,"Cruise_NorthSea_PE486_Algae_PE486_4_xm_Run3.fcs compensated","Gate 2","Gate 16",209,5.88,1.32
1,"Cruise_NorthSea_PE486_Algae_PE486_4_ym.fcs compensated","Gate 2","Gate 16",15,0.64,0.21
1,"Cruise_NorthSea_PE486_Algae_PE486_4_zm.fcs compensated","Gate 2","Gate 16",147,4.4,0.96
1,"Cruise_NorthSea_PE486_Algae_PE486_5_7m.fcs compensated","Gate 2","Gate 16",82,2.29,1.1
1,"Cruise_NorthSea_PE486_Algae_PE486_5_15m.fcs compensated","Gate 2","Gate 16",74,2.08,1
1,"Cruise_NorthSea_PE486_Algae_PE486_6_7_8m.fcs compensated","Gate 2","Gate 16",6,0.38,0.1
1,"Cruise_NorthSea_PE486_Algae_PE486_6_7_8m_Run2.fcs compensated","Gate 2","Gate 16",9,0.52,0.15
1,"Cruise_NorthSea_PE486_Algae_PE486_6_7m.fcs compensated","Gate 2","Gate 16",8,0.43,0.08
1,"Cruise_NorthSea_PE486_Algae_PE486_6_15m.fcs compensated","Gate 2","Gate 16",8,0.48,0.13
1,"Cruise_NorthSea_PE486_Algae_PE486_7_7m.fcs compensated","Gate 2","Gate 16",4,0.16,0.03
1,"Cruise_NorthSea_PE486_Algae_PE486_7_15m.fcs compensated","Gate 2","Gate 16",8,0.13,0.05
1,"Cruise_NorthSea_PE486_Algae_PE486_7_30m.fcs compensated","Gate 2","Gate 16",18,0.17,0.1
1,"Cruise_NorthSea_PE486_Algae_PE486_8_2m.fcs compensated","Gate 2","Gate 16",117,2.1,0.55
1,"Cruise_NorthSea_PE486_Algae_PE486_8_7m.fcs compensated","Gate 2","Gate 16",70,1.31,0.34
1,"Cruise_NorthSea_PE486_Algae_PE486_8_15m.fcs compensated","Gate 2","Gate 16",69,1.45,0.39
1,"Cruise_NorthSea_PE486_Algae_PE486_8_20m.fcs compensated","Gate 2","Gate 16",64,1.81,0.85
1,"Cruise_NorthSea_PE486_Algae_PE486_8_30m.fcs compensated","Gate 2","Gate 16",50,1.32,0.61
1,"Cruise_NorthSea_PE486_Algae_PE486_8_40m.fcs compensated","Gate 2","Gate 16",41,1.02,0.48
1,"Cruise_NorthSea_PE486_Algae_PE486_8_45_8m.fcs compensated","Gate 2","Gate 16",56,1.22,0.53
1,"Cruise_NorthSea_PE477_Algae_PE477_1_7m.fcs compensated","Gate 2","Gate 17",320,0.93,0.57
1,"Cruise_NorthSea_PE477_Algae_PE477_2_7m.fcs compensated","Gate 2","Gate 17",379,0.92,0.84
1,"Cruise_NorthSea_PE477_Algae_PE477_2_15m.fcs compensated","Gate 2","Gate 17",406,0.96,0.85
1,"Cruise_NorthSea_PE477_Algae_PE477_2_30m.fcs compensated","Gate 2","Gate 17",317,0.74,0.63
1,"Cruise_NorthSea_PE477_Algae_PE477_3_7m.fcs compensated","Gate 2","Gate 17",245,1.13,0.69
1,"Cruise_NorthSea_PE477_Algae_PE477_3_15m.fcs compensated","Gate 2","Gate 17",190,1,0.61
1,"Cruise_NorthSea_PE477_Algae_PE477_3_30m.fcs compensated","Gate 2","Gate 17",118,1.14,0.7
1,"Cruise_NorthSea_PE477_Algae_PE477_4_7m.fcs compensated","Gate 2","Gate 17",181,1.92,0.98
1,"Cruise_NorthSea_PE477_Algae_PE477_4_15m.fcs compensated","Gate 2","Gate 17",77,0.48,0.4
1,"Cruise_NorthSea_PE477_Algae_PE477_4_30m.fcs compensated","Gate 2","Gate 17",65,0.57,0.48
1,"Cruise_NorthSea_PE477_Algae_PE477_5_7m.fcs compensated","Gate 2","Gate 17",703,0.59,0.42
1,"Cruise_NorthSea_PE477_Algae_PE477_5_15m.fcs compensated","Gate 2","Gate 17",741,0.62,0.44
1,"Cruise_NorthSea_PE477_Algae_PE477_5_30m.fcs compensated","Gate 2","Gate 17",310,0.82,0.58
1,"Cruise_NorthSea_PE477_Algae_PE477_6_7m.fcs compensated","Gate 2","Gate 17",123,0.12,0.1
1,"Cruise_NorthSea_PE477_Algae_PE477_6_15m.fcs compensated","Gate 2","Gate 17",122,0.12,0.1
1,"Cruise_NorthSea_PE477_Algae_PE477_6_30m.fcs compensated","Gate 2","Gate 17",95,0.32,0.26
1,"Cruise_NorthSea_PE477_Algae_PE477_7_7m_Bottle3.fcs compensated","Gate 2","Gate 17",114,0.05,0.04
1,"Cruise_NorthSea_PE477_Algae_PE477_7_7m_Bottle11.fcs compensated","Gate 2","Gate 17",171,0.07,0.06
1,"Cruise_NorthSea_PE477_Algae_PE477_7_15m.fcs compensated","Gate 2","Gate 17",141,0.06,0.05
1,"Cruise_NorthSea_PE477_Algae_PE477_7_30m.fcs compensated","Gate 2","Gate 17",148,0.08,0.07
1,"Cruise_NorthSea_PE486_Algae_PE486_1_7m.fcs compensated","Gate 2","Gate 17",67,1.19,0.61
1,"Cruise_NorthSea_PE486_Algae_PE486_1_15m.fcs compensated","Gate 2","Gate 17",103,1.53,0.78
1,"Cruise_NorthSea_PE486_Algae_PE486_1_30m.fcs compensated","Gate 2","Gate 17",76,1.12,0.63
1,"Cruise_NorthSea_PE486_Algae_PE486_2_7m.fcs compensated","Gate 2","Gate 17",51,1.55,0.47
1,"Cruise_NorthSea_PE486_Algae_PE486_2_7m_SSC425.fcs compensated","Gate 2","Gate 17",87,2.63,0.8
1,"Cruise_NorthSea_PE486_Algae_PE486_2_15m.fcs compensated","Gate 2","Gate 17",61,1.75,0.61
1,"Cruise_NorthSea_PE486_Algae_PE486_2_30m.fcs compensated","Gate 2","Gate 17",36,1.34,0.58
1,"Cruise_NorthSea_PE486_Algae_PE486_3_7m.fcs compensated","Gate 2","Gate 17",27,0.4,0.31
1,"Cruise_NorthSea_PE486_Algae_PE486_3_15m.fcs compensated","Gate 2","Gate 17",97,1.03,0.87
1,"Cruise_NorthSea_PE486_Algae_PE486_4_7m.fcs compensated","Gate 2","Gate 17",270,7.75,1.74
1,"Cruise_NorthSea_PE486_Algae_PE486_4_15m.fcs compensated","Gate 2","Gate 17",301,8.93,1.85
1,"Cruise_NorthSea_PE486_Algae_PE486_4_30m.fcs compensated","Gate 2","Gate 17",39,1.74,0.56
1,"Cruise_NorthSea_PE486_Algae_PE486_4_xm_Run3.fcs compensated","Gate 2","Gate 17",189,5.32,1.19
1,"Cruise_NorthSea_PE486_Algae_PE486_4_ym.fcs compensated","Gate 2","Gate 17",28,1.19,0.39
1,"Cruise_NorthSea_PE486_Algae_PE486_4_zm.fcs compensated","Gate 2","Gate 17",175,5.24,1.15
1,"Cruise_NorthSea_PE486_Algae_PE486_5_7m.fcs compensated","Gate 2","Gate 17",164,4.57,2.19
1,"Cruise_NorthSea_PE486_Algae_PE486_5_15m.fcs compensated","Gate 2","Gate 17",141,3.97,1.9
1,"Cruise_NorthSea_PE486_Algae_PE486_6_7_8m.fcs compensated","Gate 2","Gate 17",28,1.77,0.47
1,"Cruise_NorthSea_PE486_Algae_PE486_6_7_8m_Run2.fcs compensated","Gate 2","Gate 17",27,1.57,0.46
1,"Cruise_NorthSea_PE486_Algae_PE486_6_7m.fcs compensated","Gate 2","Gate 17",42,2.23,0.39
1,"Cruise_NorthSea_PE486_Algae_PE486_6_15m.fcs compensated","Gate 2","Gate 17",32,1.91,0.5
1,"Cruise_NorthSea_PE486_Algae_PE486_7_7m.fcs compensated","Gate 2","Gate 17",24,0.94,0.16
1,"Cruise_NorthSea_PE486_Algae_PE486_7_15m.fcs compensated","Gate 2","Gate 17",24,0.38,0.16
1,"Cruise_NorthSea_PE486_Algae_PE486_7_30m.fcs compensated","Gate 2","Gate 17",41,0.39,0.24
1,"Cruise_NorthSea_PE486_Algae_PE486_8_2m.fcs compensated","Gate 2","Gate 17",324,5.83,1.52
1,"Cruise_NorthSea_PE486_Algae_PE486_8_7m.fcs compensated","Gate 2","Gate 17",287,5.39,1.38
1,"Cruise_NorthSea_PE486_Algae_PE486_8_15m.fcs compensated","Gate 2","Gate 17",215,4.53,1.22
1,"Cruise_NorthSea_PE486_Algae_PE486_8_20m.fcs compensated","Gate 2","Gate 17",88,2.49,1.16
1,"Cruise_NorthSea_PE486_Algae_PE486_8_30m.fcs compensated","Gate 2","Gate 17",84,2.22,1.02
1,"Cruise_NorthSea_PE486_Algae_PE486_8_40m.fcs compensated","Gate 2","Gate 17",124,3.09,1.45
1,"Cruise_NorthSea_PE486_Algae_PE486_8_45_8m.fcs compensated","Gate 2","Gate 17",124,2.69,1.16
1,"Cruise_NorthSea_PE477_Algae_PE477_1_7m.fcs compensated","Gate 2","Gate 18",290,0.84,0.52
1,"Cruise_NorthSea_PE477_Algae_PE477_2_7m.fcs compensated","Gate 2","Gate 18",176,0.43,0.39
1,"Cruise_NorthSea_PE477_Algae_PE477_2_15m.fcs compensated","Gate 2","Gate 18",217,0.52,0.45
1,"Cruise_NorthSea_PE477_Algae_PE477_2_30m.fcs compensated","Gate 2","Gate 18",263,0.62,0.53
1,"Cruise_NorthSea_PE477_Algae_PE477_3_7m.fcs compensated","Gate 2","Gate 18",100,0.46,0.28
1,"Cruise_NorthSea_PE477_Algae_PE477_3_15m.fcs compensated","Gate 2","Gate 18",79,0.42,0.25
1,"Cruise_NorthSea_PE477_Algae_PE477_3_30m.fcs compensated","Gate 2","Gate 18",87,0.84,0.52
1,"Cruise_NorthSea_PE477_Algae_PE477_4_7m.fcs compensated","Gate 2","Gate 18",26,0.28,0.14
1,"Cruise_NorthSea_PE477_Algae_PE477_4_15m.fcs compensated","Gate 2","Gate 18",63,0.39,0.32
1,"Cruise_NorthSea_PE477_Algae_PE477_4_30m.fcs compensated","Gate 2","Gate 18",71,0.62,0.52
1,"Cruise_NorthSea_PE477_Algae_PE477_5_7m.fcs compensated","Gate 2","Gate 18",626,0.53,0.37
1,"Cruise_NorthSea_PE477_Algae_PE477_5_15m.fcs compensated","Gate 2","Gate 18",569,0.48,0.34
1,"Cruise_NorthSea_PE477_Algae_PE477_5_30m.fcs compensated","Gate 2","Gate 18",236,0.63,0.44
1,"Cruise_NorthSea_PE477_Algae_PE477_6_7m.fcs compensated","Gate 2","Gate 18",156,0.15,0.13
1,"Cruise_NorthSea_PE477_Algae_PE477_6_15m.fcs compensated","Gate 2","Gate 18",146,0.14,0.12
1,"Cruise_NorthSea_PE477_Algae_PE477_6_30m.fcs compensated","Gate 2","Gate 18",75,0.25,0.21
1,"Cruise_NorthSea_PE477_Algae_PE477_7_7m_Bottle3.fcs compensated","Gate 2","Gate 18",274,0.12,0.1
1,"Cruise_NorthSea_PE477_Algae_PE477_7_7m_Bottle11.fcs compensated","Gate 2","Gate 18",280,0.12,0.11
1,"Cruise_NorthSea_PE477_Algae_PE477_7_15m.fcs compensated","Gate 2","Gate 18",289,0.12,0.11
1,"Cruise_NorthSea_PE477_Algae_PE477_7_30m.fcs compensated","Gate 2","Gate 18",185,0.1,0.08
1,"Cruise_NorthSea_PE486_Algae_PE486_1_7m.fcs compensated","Gate 2","Gate 18",169,3,1.54
1,"Cruise_NorthSea_PE486_Algae_PE486_1_15m.fcs compensated","Gate 2","Gate 18",260,3.85,1.97
1,"Cruise_NorthSea_PE486_Algae_PE486_1_30m.fcs compensated","Gate 2","Gate 18",206,3.05,1.7
1,"Cruise_NorthSea_PE486_Algae_PE486_2_7m.fcs compensated","Gate 2","Gate 18",98,2.97,0.89
1,"Cruise_NorthSea_PE486_Algae_PE486_2_7m_SSC425.fcs compensated","Gate 2","Gate 18",85,2.57,0.78
1,"Cruise_NorthSea_PE486_Algae_PE486_2_15m.fcs compensated","Gate 2","Gate 18",100,2.88,1.01
1,"Cruise_NorthSea_PE486_Algae_PE486_2_30m.fcs compensated","Gate 2","Gate 18",88,3.27,1.42
1,"Cruise_NorthSea_PE486_Algae_PE486_3_7m.fcs compensated","Gate 2","Gate 18",3648,53.7,41.57
1,"Cruise_NorthSea_PE486_Algae_PE486_3_15m.fcs compensated","Gate 2","Gate 18",4305,45.78,38.61
1,"Cruise_NorthSea_PE486_Algae_PE486_4_7m.fcs compensated","Gate 2","Gate 18",72,2.07,0.46
1,"Cruise_NorthSea_PE486_Algae_PE486_4_15m.fcs compensated","Gate 2","Gate 18",71,2.11,0.44
1,"Cruise_NorthSea_PE486_Algae_PE486_4_30m.fcs compensated","Gate 2","Gate 18",23,1.03,0.33
1,"Cruise_NorthSea_PE486_Algae_PE486_4_xm_Run3.fcs compensated","Gate 2","Gate 18",144,4.05,0.91
1,"Cruise_NorthSea_PE486_Algae_PE486_4_ym.fcs compensated","Gate 2","Gate 18",57,2.42,0.79
1,"Cruise_NorthSea_PE486_Algae_PE486_4_zm.fcs compensated","Gate 2","Gate 18",133,3.98,0.87
1,"Cruise_NorthSea_PE486_Algae_PE486_5_7m.fcs compensated","Gate 2","Gate 18",202,5.63,2.7
1,"Cruise_NorthSea_PE486_Algae_PE486_5_15m.fcs compensated","Gate 2","Gate 18",196,5.51,2.64
1,"Cruise_NorthSea_PE486_Algae_PE486_6_7_8m.fcs compensated","Gate 2","Gate 18",74,4.67,1.25
1,"Cruise_NorthSea_PE486_Algae_PE486_6_7_8m_Run2.fcs compensated","Gate 2","Gate 18",67,3.89,1.14
1,"Cruise_NorthSea_PE486_Algae_PE486_6_7m.fcs compensated","Gate 2","Gate 18",91,4.84,0.86
1,"Cruise_NorthSea_PE486_Algae_PE486_6_15m.fcs compensated","Gate 2","Gate 18",83,4.95,1.31
1,"Cruise_NorthSea_PE486_Algae_PE486_7_7m.fcs compensated","Gate 2","Gate 18",188,7.33,1.23
1,"Cruise_NorthSea_PE486_Algae_PE486_7_15m.fcs compensated","Gate 2","Gate 18",213,3.33,1.4
1,"Cruise_NorthSea_PE486_Algae_PE486_7_30m.fcs compensated","Gate 2","Gate 18",287,2.73,1.66
1,"Cruise_NorthSea_PE486_Algae_PE486_8_2m.fcs compensated","Gate 2","Gate 18",239,4.3,1.12
1,"Cruise_NorthSea_PE486_Algae_PE486_8_7m.fcs compensated","Gate 2","Gate 18",184,3.46,0.88
1,"Cruise_NorthSea_PE486_Algae_PE486_8_15m.fcs compensated","Gate 2","Gate 18",194,4.08,1.1
1,"Cruise_NorthSea_PE486_Algae_PE486_8_20m.fcs compensated","Gate 2","Gate 18",129,3.65,1.71
1,"Cruise_NorthSea_PE486_Algae_PE486_8_30m.fcs compensated","Gate 2","Gate 18",160,4.22,1.95
1,"Cruise_NorthSea_PE486_Algae_PE486_8_40m.fcs compensated","Gate 2","Gate 18",146,3.63,1.71
1,"Cruise_NorthSea_PE486_Algae_PE486_8_45_8m.fcs compensated","Gate 2","Gate 18",163,3.54,1.53
1,"Cruise_NorthSea_PE477_Algae_PE477_1_7m.fcs compensated","Gate 2","Gate 19",104,0.3,0.19
1,"Cruise_NorthSea_PE477_Algae_PE477_2_7m.fcs compensated","Gate 2","Gate 19",72,0.17,0.16
1,"Cruise_NorthSea_PE477_Algae_PE477_2_15m.fcs compensated","Gate 2","Gate 19",94,0.22,0.2
1,"Cruise_NorthSea_PE477_Algae_PE477_2_30m.fcs compensated","Gate 2","Gate 19",112,0.26,0.22
1,"Cruise_NorthSea_PE477_Algae_PE477_3_7m.fcs compensated","Gate 2","Gate 19",59,0.27,0.17
1,"Cruise_NorthSea_PE477_Algae_PE477_3_15m.fcs compensated","Gate 2","Gate 19",46,0.24,0.15
1,"Cruise_NorthSea_PE477_Algae_PE477_3_30m.fcs compensated","Gate 2","Gate 19",51,0.49,0.3
1,"Cruise_NorthSea_PE477_Algae_PE477_4_7m.fcs compensated","Gate 2","Gate 19",29,0.31,0.16
1,"Cruise_NorthSea_PE477_Algae_PE477_4_15m.fcs compensated","Gate 2","Gate 19",47,0.29,0.24
1,"Cruise_NorthSea_PE477_Algae_PE477_4_30m.fcs compensated","Gate 2","Gate 19",37,0.32,0.27
1,"Cruise_NorthSea_PE477_Algae_PE477_5_7m.fcs compensated","Gate 2","Gate 19",240,0.2,0.14
1,"Cruise_NorthSea_PE477_Algae_PE477_5_15m.fcs compensated","Gate 2","Gate 19",235,0.2,0.14
1,"Cruise_NorthSea_PE477_Algae_PE477_5_30m.fcs compensated","Gate 2","Gate 19",97,0.26,0.18
1,"Cruise_NorthSea_PE477_Algae_PE477_6_7m.fcs compensated","Gate 2","Gate 19",103,0.1,0.08
1,"Cruise_NorthSea_PE477_Algae_PE477_6_15m.fcs compensated","Gate 2","Gate 19",134,0.13,0.11
1,"Cruise_NorthSea_PE477_Algae_PE477_6_30m.fcs compensated","Gate 2","Gate 19",37,0.12,0.1
1,"Cruise_NorthSea_PE477_Algae_PE477_7_7m_Bottle3.fcs compensated","Gate 2","Gate 19",302,0.13,0.11
1,"Cruise_NorthSea_PE477_Algae_PE477_7_7m_Bottle11.fcs compensated","Gate 2","Gate 19",250,0.11,0.09
1,"Cruise_NorthSea_PE477_Algae_PE477_7_15m.fcs compensated","Gate 2","Gate 19",277,0.12,0.1
1,"Cruise_NorthSea_PE477_Algae_PE477_7_30m.fcs compensated","Gate 2","Gate 19",165,0.09,0.08
1,"Cruise_NorthSea_PE486_Algae_PE486_1_7m.fcs compensated","Gate 2","Gate 19",63,1.12,0.57
1,"Cruise_NorthSea_PE486_Algae_PE486_1_15m.fcs compensated","Gate 2","Gate 19",140,2.07,1.06
1,"Cruise_NorthSea_PE486_Algae_PE486_1_30m.fcs compensated","Gate 2","Gate 19",215,3.18,1.77
1,"Cruise_NorthSea_PE486_Algae_PE486_2_7m.fcs compensated","Gate 2","Gate 19",23,0.7,0.21
1,"Cruise_NorthSea_PE486_Algae_PE486_2_7m_SSC425.fcs compensated","Gate 2","Gate 19",37,1.12,0.34
1,"Cruise_NorthSea_PE486_Algae_PE486_2_15m.fcs compensated","Gate 2","Gate 19",35,1.01,0.35
1,"Cruise_NorthSea_PE486_Algae_PE486_2_30m.fcs compensated","Gate 2","Gate 19",37,1.38,0.6
1,"Cruise_NorthSea_PE486_Algae_PE486_3_7m.fcs compensated","Gate 2","Gate 19",2027,29.84,23.1
1,"Cruise_NorthSea_PE486_Algae_PE486_3_15m.fcs compensated","Gate 2","Gate 19",3892,41.39,34.9
1,"Cruise_NorthSea_PE486_Algae_PE486_4_7m.fcs compensated","Gate 2","Gate 19",37,1.06,0.24
1,"Cruise_NorthSea_PE486_Algae_PE486_4_15m.fcs compensated","Gate 2","Gate 19",48,1.42,0.3
1,"Cruise_NorthSea_PE486_Algae_PE486_4_30m.fcs compensated","Gate 2","Gate 19",22,0.98,0.31
1,"Cruise_NorthSea_PE486_Algae_PE486_4_xm_Run3.fcs compensated","Gate 2","Gate 19",56,1.58,0.35
1,"Cruise_NorthSea_PE486_Algae_PE486_4_ym.fcs compensated","Gate 2","Gate 19",11,0.47,0.15
1,"Cruise_NorthSea_PE486_Algae_PE486_4_zm.fcs compensated","Gate 2","Gate 19",48,1.44,0.31
1,"Cruise_NorthSea_PE486_Algae_PE486_5_7m.fcs compensated","Gate 2","Gate 19",46,1.28,0.62
1,"Cruise_NorthSea_PE486_Algae_PE486_5_15m.fcs compensated","Gate 2","Gate 19",49,1.38,0.66
1,"Cruise_NorthSea_PE486_Algae_PE486_6_7_8m.fcs compensated","Gate 2","Gate 19",47,2.97,0.79
1,"Cruise_NorthSea_PE486_Algae_PE486_6_7_8m_Run2.fcs compensated","Gate 2","Gate 19",37,2.15,0.63
1,"Cruise_NorthSea_PE486_Algae_PE486_6_7m.fcs compensated","Gate 2","Gate 19",28,1.49,0.26
1,"Cruise_NorthSea_PE486_Algae_PE486_6_15m.fcs compensated","Gate 2","Gate 19",50,2.98,0.79
1,"Cruise_NorthSea_PE486_Algae_PE486_7_7m.fcs compensated","Gate 2","Gate 19",246,9.59,1.61
1,"Cruise_NorthSea_PE486_Algae_PE486_7_15m.fcs compensated","Gate 2","Gate 19",1964,30.72,12.9
1,"Cruise_NorthSea_PE486_Algae_PE486_7_30m.fcs compensated","Gate 2","Gate 19",3916,37.27,22.7
1,"Cruise_NorthSea_PE486_Algae_PE486_8_2m.fcs compensated","Gate 2","Gate 19",116,2.09,0.54
1,"Cruise_NorthSea_PE486_Algae_PE486_8_7m.fcs compensated","Gate 2","Gate 19",83,1.56,0.4
1,"Cruise_NorthSea_PE486_Algae_PE486_8_15m.fcs compensated","Gate 2","Gate 19",82,1.73,0.47
1,"Cruise_NorthSea_PE486_Algae_PE486_8_20m.fcs compensated","Gate 2","Gate 19",28,0.79,0.37
1,"Cruise_NorthSea_PE486_Algae_PE486_8_30m.fcs compensated","Gate 2","Gate 19",49,1.29,0.6
1,"Cruise_NorthSea_PE486_Algae_PE486_8_40m.fcs compensated","Gate 2","Gate 19",163,4.06,1.9
1,"Cruise_NorthSea_PE486_Algae_PE486_8_45_8m.fcs compensated","Gate 2","Gate 19",261,5.66,2.45
1,"Cruise_NorthSea_PE477_Algae_PE477_1_7m.fcs compensated","Gate 1","None",21381,100,38.37
1,"Cruise_NorthSea_PE477_Algae_PE477_2_7m.fcs compensated","Gate 1","None",4078,100,9
1,"Cruise_NorthSea_PE477_Algae_PE477_2_15m.fcs compensated","Gate 1","None",5687,100,11.89
1,"Cruise_NorthSea_PE477_Algae_PE477_2_30m.fcs compensated","Gate 1","None",7481,100,14.98
1,"Cruise_NorthSea_PE477_Algae_PE477_3_7m.fcs compensated","Gate 1","None",13920,100,39.45
1,"Cruise_NorthSea_PE477_Algae_PE477_3_15m.fcs compensated","Gate 1","None",12400,100,39.8
1,"Cruise_NorthSea_PE477_Algae_PE477_3_30m.fcs compensated","Gate 1","None",6527,100,38.93
1,"Cruise_NorthSea_PE477_Algae_PE477_4_7m.fcs compensated","Gate 1","None",9272,100,50.13
1,"Cruise_NorthSea_PE477_Algae_PE477_4_15m.fcs compensated","Gate 1","None",3421,100,17.6
1,"Cruise_NorthSea_PE477_Algae_PE477_4_30m.fcs compensated","Gate 1","None",2211,100,16.28
1,"Cruise_NorthSea_PE477_Algae_PE477_5_7m.fcs compensated","Gate 1","None",48132,100,28.82
1,"Cruise_NorthSea_PE477_Algae_PE477_5_15m.fcs compensated","Gate 1","None",49724,100,29.58
1,"Cruise_NorthSea_PE477_Algae_PE477_5_30m.fcs compensated","Gate 1","None",15703,100,29.48
1,"Cruise_NorthSea_PE477_Algae_PE477_6_7m.fcs compensated","Gate 1","None",19344,100,15.77
1,"Cruise_NorthSea_PE477_Algae_PE477_6_15m.fcs compensated","Gate 1","None",19471,100,15.63
1,"Cruise_NorthSea_PE477_Algae_PE477_6_30m.fcs compensated","Gate 1","None",6613,100,18.16
1,"Cruise_NorthSea_PE477_Algae_PE477_7_7m_Bottle3.fcs compensated","Gate 1","None",40090,100,14.53
1,"Cruise_NorthSea_PE477_Algae_PE477_7_7m_Bottle11.fcs compensated","Gate 1","None",36051,100,13.65
1,"Cruise_NorthSea_PE477_Algae_PE477_7_15m.fcs compensated","Gate 1","None",37320,100,13.76
1,"Cruise_NorthSea_PE477_Algae_PE477_7_30m.fcs compensated","Gate 1","None",26177,100,11.96
1,"Cruise_NorthSea_PE486_Algae_PE486_1_7m.fcs compensated","Gate 1","None",5469,100,49.89
1,"Cruise_NorthSea_PE486_Algae_PE486_1_15m.fcs compensated","Gate 1","None",6796,100,51.47
1,"Cruise_NorthSea_PE486_Algae_PE486_1_30m.fcs compensated","Gate 1","None",5668,100,46.75
1,"Cruise_NorthSea_PE486_Algae_PE486_2_7m.fcs compensated","Gate 1","None",7735,100,70.56
1,"Cruise_NorthSea_PE486_Algae_PE486_2_7m_SSC425.fcs compensated","Gate 1","None",7637,100,70.36
1,"Cruise_NorthSea_PE486_Algae_PE486_2_15m.fcs compensated","Gate 1","None",6489,100,65.31
1,"Cruise_NorthSea_PE486_Algae_PE486_2_30m.fcs compensated","Gate 1","None",3572,100,57.77
1,"Cruise_NorthSea_PE486_Algae_PE486_3_7m.fcs compensated","Gate 1","None",2570,100,29.29
1,"Cruise_NorthSea_PE486_Algae_PE486_3_15m.fcs compensated","Gate 1","None",2681,100,24.04
1,"Cruise_NorthSea_PE486_Algae_PE486_4_7m.fcs compensated","Gate 1","None",12393,100,79.97
1,"Cruise_NorthSea_PE486_Algae_PE486_4_15m.fcs compensated","Gate 1","None",13144,100,81
1,"Cruise_NorthSea_PE486_Algae_PE486_4_30m.fcs compensated","Gate 1","None",4889,100,69.91
1,"Cruise_NorthSea_PE486_Algae_PE486_4_xm_Run3.fcs compensated","Gate 1","None",12766,100,80.55
1,"Cruise_NorthSea_PE486_Algae_PE486_4_ym.fcs compensated","Gate 1","None",4980,100,68.82
1,"Cruise_NorthSea_PE486_Algae_PE486_4_zm.fcs compensated","Gate 1","None",12278,100,80.34
1,"Cruise_NorthSea_PE486_Algae_PE486_5_7m.fcs compensated","Gate 1","None",3974,100,53.14
1,"Cruise_NorthSea_PE486_Algae_PE486_5_15m.fcs compensated","Gate 1","None",3958,100,53.31
1,"Cruise_NorthSea_PE486_Algae_PE486_6_7_8m.fcs compensated","Gate 1","None",4375,100,73.99
1,"Cruise_NorthSea_PE486_Algae_PE486_6_7_8m_Run2.fcs compensated","Gate 1","None",4271,100,72.56
1,"Cruise_NorthSea_PE486_Algae_PE486_6_7m.fcs compensated","Gate 1","None",8807,100,82.79
1,"Cruise_NorthSea_PE486_Algae_PE486_6_15m.fcs compensated","Gate 1","None",4781,100,75.35
1,"Cruise_NorthSea_PE486_Algae_PE486_7_7m.fcs compensated","Gate 1","None",12920,100,84.39
1,"Cruise_NorthSea_PE486_Algae_PE486_7_15m.fcs compensated","Gate 1","None",10625,100,69.77
1,"Cruise_NorthSea_PE486_Algae_PE486_7_30m.fcs compensated","Gate 1","None",10325,100,59.84
1,"Cruise_NorthSea_PE486_Algae_PE486_8_2m.fcs compensated","Gate 1","None",16026,100,74.94
1,"Cruise_NorthSea_PE486_Algae_PE486_8_7m.fcs compensated","Gate 1","None",15658,100,75.22
1,"Cruise_NorthSea_PE486_Algae_PE486_8_15m.fcs compensated","Gate 1","None",13023,100,73.86
1,"Cruise_NorthSea_PE486_Algae_PE486_8_20m.fcs compensated","Gate 1","None",4079,100,53.96
1,"Cruise_NorthSea_PE486_Algae_PE486_8_30m.fcs compensated","Gate 1","None",4533,100,55.23
1,"Cruise_NorthSea_PE486_Algae_PE486_8_40m.fcs compensated","Gate 1","None",4717,100,55.11
1,"Cruise_NorthSea_PE486_Algae_PE486_8_45_8m.fcs compensated","Gate 1","None",6526,100,61.19
1,"Cruise_NorthSea_PE477_Algae_PE477_1_7m.fcs compensated","Gate 1","Gate 1",21381,100,38.37
1,"Cruise_NorthSea_PE477_Algae_PE477_2_7m.fcs compensated","Gate 1","Gate 1",4078,100,9
1,"Cruise_NorthSea_PE477_Algae_PE477_2_15m.fcs compensated","Gate 1","Gate 1",5687,100,11.89
1,"Cruise_NorthSea_PE477_Algae_PE477_2_30m.fcs compensated","Gate 1","Gate 1",7481,100,14.98
1,"Cruise_NorthSea_PE477_Algae_PE477_3_7m.fcs compensated","Gate 1","Gate 1",13920,100,39.45
1,"Cruise_NorthSea_PE477_Algae_PE477_3_15m.fcs compensated","Gate 1","Gate 1",12400,100,39.8
1,"Cruise_NorthSea_PE477_Algae_PE477_3_30m.fcs compensated","Gate 1","Gate 1",6527,100,38.93
1,"Cruise_NorthSea_PE477_Algae_PE477_4_7m.fcs compensated","Gate 1","Gate 1",9272,100,50.13
1,"Cruise_NorthSea_PE477_Algae_PE477_4_15m.fcs compensated","Gate 1","Gate 1",3421,100,17.6
1,"Cruise_NorthSea_PE477_Algae_PE477_4_30m.fcs compensated","Gate 1","Gate 1",2211,100,16.28
1,"Cruise_NorthSea_PE477_Algae_PE477_5_7m.fcs compensated","Gate 1","Gate 1",48132,100,28.82
1,"Cruise_NorthSea_PE477_Algae_PE477_5_15m.fcs compensated","Gate 1","Gate 1",49724,100,29.58
1,"Cruise_NorthSea_PE477_Algae_PE477_5_30m.fcs compensated","Gate 1","Gate 1",15703,100,29.48
1,"Cruise_NorthSea_PE477_Algae_PE477_6_7m.fcs compensated","Gate 1","Gate 1",19344,100,15.77
1,"Cruise_NorthSea_PE477_Algae_PE477_6_15m.fcs compensated","Gate 1","Gate 1",19471,100,15.63
1,"Cruise_NorthSea_PE477_Algae_PE477_6_30m.fcs compensated","Gate 1","Gate 1",6613,100,18.16
1,"Cruise_NorthSea_PE477_Algae_PE477_7_7m_Bottle3.fcs compensated","Gate 1","Gate 1",40090,100,14.53
1,"Cruise_NorthSea_PE477_Algae_PE477_7_7m_Bottle11.fcs compensated","Gate 1","Gate 1",36051,100,13.65
1,"Cruise_NorthSea_PE477_Algae_PE477_7_15m.fcs compensated","Gate 1","Gate 1",37320,100,13.76
1,"Cruise_NorthSea_PE477_Algae_PE477_7_30m.fcs compensated","Gate 1","Gate 1",26177,100,11.96
1,"Cruise_NorthSea_PE486_Algae_PE486_1_7m.fcs compensated","Gate 1","Gate 1",5469,100,49.89
1,"Cruise_NorthSea_PE486_Algae_PE486_1_15m.fcs compensated","Gate 1","Gate 1",6796,100,51.47
1,"Cruise_NorthSea_PE486_Algae_PE486_1_30m.fcs compensated","Gate 1","Gate 1",5668,100,46.75
1,"Cruise_NorthSea_PE486_Algae_PE486_2_7m.fcs compensated","Gate 1","Gate 1",7735,100,70.56
1,"Cruise_NorthSea_PE486_Algae_PE486_2_7m_SSC425.fcs compensated","Gate 1","Gate 1",7637,100,70.36
1,"Cruise_NorthSea_PE486_Algae_PE486_2_15m.fcs compensated","Gate 1","Gate 1",6489,100,65.31
1,"Cruise_NorthSea_PE486_Algae_PE486_2_30m.fcs compensated","Gate 1","Gate 1",3572,100,57.77
1,"Cruise_NorthSea_PE486_Algae_PE486_3_7m.fcs compensated","Gate 1","Gate 1",2570,100,29.29
1,"Cruise_NorthSea_PE486_Algae_PE486_3_15m.fcs compensated","Gate 1","Gate 1",2681,100,24.04
1,"Cruise_NorthSea_PE486_Algae_PE486_4_7m.fcs compensated","Gate 1","Gate 1",12393,100,79.97
1,"Cruise_NorthSea_PE486_Algae_PE486_4_15m.fcs compensated","Gate 1","Gate 1",13144,100,81
1,"Cruise_NorthSea_PE486_Algae_PE486_4_30m.fcs compensated","Gate 1","Gate 1",4889,100,69.91
1,"Cruise_NorthSea_PE486_Algae_PE486_4_xm_Run3.fcs compensated","Gate 1","Gate 1",12766,100,80.55
1,"Cruise_NorthSea_PE486_Algae_PE486_4_ym.fcs compensated","Gate 1","Gate 1",4980,100,68.82
1,"Cruise_NorthSea_PE486_Algae_PE486_4_zm.fcs compensated","Gate 1","Gate 1",12278,100,80.34
1,"Cruise_NorthSea_PE486_Algae_PE486_5_7m.fcs compensated","Gate 1","Gate 1",3974,100,53.14
1,"Cruise_NorthSea_PE486_Algae_PE486_5_15m.fcs compensated","Gate 1","Gate 1",3958,100,53.31
1,"Cruise_NorthSea_PE486_Algae_PE486_6_7_8m.fcs compensated","Gate 1","Gate 1",4375,100,73.99
1,"Cruise_NorthSea_PE486_Algae_PE486_6_7_8m_Run2.fcs compensated","Gate 1","Gate 1",4271,100,72.56
1,"Cruise_NorthSea_PE486_Algae_PE486_6_7m.fcs compensated","Gate 1","Gate 1",8807,100,82.79
1,"Cruise_NorthSea_PE486_Algae_PE486_6_15m.fcs compensated","Gate 1","Gate 1",4781,100,75.35
1,"Cruise_NorthSea_PE486_Algae_PE486_7_7m.fcs compensated","Gate 1","Gate 1",12920,100,84.39
1,"Cruise_NorthSea_PE486_Algae_PE486_7_15m.fcs compensated","Gate 1","Gate 1",10625,100,69.77
1,"Cruise_NorthSea_PE486_Algae_PE486_7_30m.fcs compensated","Gate 1","Gate 1",10325,100,59.84
1,"Cruise_NorthSea_PE486_Algae_PE486_8_2m.fcs compensated","Gate 1","Gate 1",16026,100,74.94
1,"Cruise_NorthSea_PE486_Algae_PE486_8_7m.fcs compensated","Gate 1","Gate 1",15658,100,75.22
1,"Cruise_NorthSea_PE486_Algae_PE486_8_15m.fcs compensated","Gate 1","Gate 1",13023,100,73.86
1,"Cruise_NorthSea_PE486_Algae_PE486_8_20m.fcs compensated","Gate 1","Gate 1",4079,100,53.96
1,"Cruise_NorthSea_PE486_Algae_PE486_8_30m.fcs compensated","Gate 1","Gate 1",4533,100,55.23
1,"Cruise_NorthSea_PE486_Algae_PE486_8_40m.fcs compensated","Gate 1","Gate 1",4717,100,55.11
1,"Cruise_NorthSea_PE486_Algae_PE486_8_45_8m.fcs compensated","Gate 1","Gate 1",6526,100,61.19
1,"Cruise_NorthSea_PE477_Algae_PE477_1_7m.fcs compensated","Gate 1","Gate 4",1011,4.73,1.81
1,"Cruise_NorthSea_PE477_Algae_PE477_2_7m.fcs compensated","Gate 1","Gate 4",1966,48.21,4.34
1,"Cruise_NorthSea_PE477_Algae_PE477_2_15m.fcs compensated","Gate 1","Gate 4",2237,39.34,4.68
1,"Cruise_NorthSea_PE477_Algae_PE477_2_30m.fcs compensated","Gate 1","Gate 4",2324,31.07,4.65
1,"Cruise_NorthSea_PE477_Algae_PE477_3_7m.fcs compensated","Gate 1","Gate 4",2973,21.36,8.42
1,"Cruise_NorthSea_PE477_Algae_PE477_3_15m.fcs compensated","Gate 1","Gate 4",2429,19.59,7.8
1,"Cruise_NorthSea_PE477_Algae_PE477_3_30m.fcs compensated","Gate 1","Gate 4",877,13.44,5.23
1,"Cruise_NorthSea_PE477_Algae_PE477_4_7m.fcs compensated","Gate 1","Gate 4",1687,18.19,9.12
1,"Cruise_NorthSea_PE477_Algae_PE477_4_15m.fcs compensated","Gate 1","Gate 4",915,26.75,4.71
1,"Cruise_NorthSea_PE477_Algae_PE477_4_30m.fcs compensated","Gate 1","Gate 4",613,27.73,4.51
1,"Cruise_NorthSea_PE477_Algae_PE477_5_7m.fcs compensated","Gate 1","Gate 4",2245,4.66,1.34
1,"Cruise_NorthSea_PE477_Algae_PE477_5_15m.fcs compensated","Gate 1","Gate 4",2312,4.65,1.38
1,"Cruise_NorthSea_PE477_Algae_PE477_5_30m.fcs compensated","Gate 1","Gate 4",1052,6.7,1.97
1,"Cruise_NorthSea_PE477_Algae_PE477_6_7m.fcs compensated","Gate 1","Gate 4",1324,6.84,1.08
1,"Cruise_NorthSea_PE477_Algae_PE477_6_15m.fcs compensated","Gate 1","Gate 4",1157,5.94,0.93
1,"Cruise_NorthSea_PE477_Algae_PE477_6_30m.fcs compensated","Gate 1","Gate 4",617,9.33,1.69
1,"Cruise_NorthSea_PE477_Algae_PE477_7_7m_Bottle3.fcs compensated","Gate 1","Gate 4",1296,3.23,0.47
1,"Cruise_NorthSea_PE477_Algae_PE477_7_7m_Bottle11.fcs compensated","Gate 1","Gate 4",1174,3.26,0.44
1,"Cruise_NorthSea_PE477_Algae_PE477_7_15m.fcs compensated","Gate 1","Gate 4",1361,3.65,0.5
1,"Cruise_NorthSea_PE477_Algae_PE477_7_30m.fcs compensated","Gate 1","Gate 4",817,3.12,0.37
1,"Cruise_NorthSea_PE486_Algae_PE486_1_7m.fcs compensated","Gate 1","Gate 4",627,11.46,5.72
1,"Cruise_NorthSea_PE486_Algae_PE486_1_15m.fcs compensated","Gate 1","Gate 4",685,10.08,5.19
1,"Cruise_NorthSea_PE486_Algae_PE486_1_30m.fcs compensated","Gate 1","Gate 4",689,12.16,5.68
1,"Cruise_NorthSea_PE486_Algae_PE486_2_7m.fcs compensated","Gate 1","Gate 4",840,10.86,7.66
1,"Cruise_NorthSea_PE486_Algae_PE486_2_7m_SSC425.fcs compensated","Gate 1","Gate 4",695,9.1,6.4
1,"Cruise_NorthSea_PE486_Algae_PE486_2_15m.fcs compensated","Gate 1","Gate 4",589,9.08,5.93
1,"Cruise_NorthSea_PE486_Algae_PE486_2_30m.fcs compensated","Gate 1","Gate 4",361,10.11,5.84
1,"Cruise_NorthSea_PE486_Algae_PE486_3_7m.fcs compensated","Gate 1","Gate 4",892,34.71,10.17
1,"Cruise_NorthSea_PE486_Algae_PE486_3_15m.fcs compensated","Gate 1","Gate 4",1240,46.25,11.12
1,"Cruise_NorthSea_PE486_Algae_PE486_4_7m.fcs compensated","Gate 1","Gate 4",3238,26.13,20.89
1,"Cruise_NorthSea_PE486_Algae_PE486_4_15m.fcs compensated","Gate 1","Gate 4",3594,27.34,22.15
1,"Cruise_NorthSea_PE486_Algae_PE486_4_30m.fcs compensated","Gate 1","Gate 4",2093,42.81,29.93
1,"Cruise_NorthSea_PE486_Algae_PE486_4_xm_Run3.fcs compensated","Gate 1","Gate 4",3230,25.3,20.38
1,"Cruise_NorthSea_PE486_Algae_PE486_4_ym.fcs compensated","Gate 1","Gate 4",2397,48.13,33.13
1,"Cruise_NorthSea_PE486_Algae_PE486_4_zm.fcs compensated","Gate 1","Gate 4",3226,26.27,21.11
1,"Cruise_NorthSea_PE486_Algae_PE486_5_7m.fcs compensated","Gate 1","Gate 4",768,19.33,10.27
1,"Cruise_NorthSea_PE486_Algae_PE486_5_15m.fcs compensated","Gate 1","Gate 4",777,19.63,10.46
1,"Cruise_NorthSea_PE486_Algae_PE486_6_7_8m.fcs compensated","Gate 1","Gate 4",999,22.83,16.89
1,"Cruise_NorthSea_PE486_Algae_PE486_6_7_8m_Run2.fcs compensated","Gate 1","Gate 4",1064,24.91,18.08
1,"Cruise_NorthSea_PE486_Algae_PE486_6_7m.fcs compensated","Gate 1","Gate 4",1410,16.01,13.25
1,"Cruise_NorthSea_PE486_Algae_PE486_6_15m.fcs compensated","Gate 1","Gate 4",1171,24.49,18.46
1,"Cruise_NorthSea_PE486_Algae_PE486_7_7m.fcs compensated","Gate 1","Gate 4",1652,12.79,10.79
1,"Cruise_NorthSea_PE486_Algae_PE486_7_15m.fcs compensated","Gate 1","Gate 4",3829,36.04,25.14
1,"Cruise_NorthSea_PE486_Algae_PE486_7_30m.fcs compensated","Gate 1","Gate 4",5740,55.59,33.27
1,"Cruise_NorthSea_PE486_Algae_PE486_8_2m.fcs compensated","Gate 1","Gate 4",1127,7.03,5.27
1,"Cruise_NorthSea_PE486_Algae_PE486_8_7m.fcs compensated","Gate 1","Gate 4",1102,7.04,5.29
1,"Cruise_NorthSea_PE486_Algae_PE486_8_15m.fcs compensated","Gate 1","Gate 4",930,7.14,5.27
1,"Cruise_NorthSea_PE486_Algae_PE486_8_20m.fcs compensated","Gate 1","Gate 4",666,16.33,8.81
1,"Cruise_NorthSea_PE486_Algae_PE486_8_30m.fcs compensated","Gate 1","Gate 4",690,15.22,8.41
1,"Cruise_NorthSea_PE486_Algae_PE486_8_40m.fcs compensated","Gate 1","Gate 4",750,15.9,8.76
1,"Cruise_NorthSea_PE486_Algae_PE486_8_45_8m.fcs compensated","Gate 1","Gate 4",1114,17.07,10.45
1,"Cruise_NorthSea_PE477_Algae_PE477_1_7m.fcs compensated","Gate 1","Gate 9",26,0.12,0.05
1,"Cruise_NorthSea_PE477_Algae_PE477_2_7m.fcs compensated","Gate 1","Gate 9",30,0.74,0.07
1,"Cruise_NorthSea_PE477_Algae_PE477_2_15m.fcs compensated","Gate 1","Gate 9",36,0.63,0.08
1,"Cruise_NorthSea_PE477_Algae_PE477_2_30m.fcs compensated","Gate 1","Gate 9",54,0.72,0.11
1,"Cruise_NorthSea_PE477_Algae_PE477_3_7m.fcs compensated","Gate 1","Gate 9",23,0.17,0.07
1,"Cruise_NorthSea_PE477_Algae_PE477_3_15m.fcs compensated","Gate 1","Gate 9",14,0.11,0.04
1,"Cruise_NorthSea_PE477_Algae_PE477_3_30m.fcs compensated","Gate 1","Gate 9",9,0.14,0.05
1,"Cruise_NorthSea_PE477_Algae_PE477_4_7m.fcs compensated","Gate 1","Gate 9",12,0.13,0.06
1,"Cruise_NorthSea_PE477_Algae_PE477_4_15m.fcs compensated","Gate 1","Gate 9",5,0.15,0.03
1,"Cruise_NorthSea_PE477_Algae_PE477_4_30m.fcs compensated","Gate 1","Gate 9",6,0.27,0.04
1,"Cruise_NorthSea_PE477_Algae_PE477_5_7m.fcs compensated","Gate 1","Gate 9",17,0.04,0.01
1,"Cruise_NorthSea_PE477_Algae_PE477_5_15m.fcs compensated","Gate 1","Gate 9",11,0.02,0.01
1,"Cruise_NorthSea_PE477_Algae_PE477_5_30m.fcs compensated","Gate 1","Gate 9",9,0.06,0.02
1,"Cruise_NorthSea_PE477_Algae_PE477_6_7m.fcs compensated","Gate 1","Gate 9",8,0.04,0.01
1,"Cruise_NorthSea_PE477_Algae_PE477_6_15m.fcs compensated","Gate 1","Gate 9",7,0.04,0.01
1,"Cruise_NorthSea_PE477_Algae_PE477_6_30m.fcs compensated","Gate 1","Gate 9",5,0.08,0.01
1,"Cruise_NorthSea_PE477_Algae_PE477_7_7m_Bottle3.fcs compensated","Gate 1","Gate 9",11,0.03,0
1,"Cruise_NorthSea_PE477_Algae_PE477_7_7m_Bottle11.fcs compensated","Gate 1","Gate 9",5,0.01,0
1,"Cruise_NorthSea_PE477_Algae_PE477_7_15m.fcs compensated","Gate 1","Gate 9",9,0.02,0
1,"Cruise_NorthSea_PE477_Algae_PE477_7_30m.fcs compensated","Gate 1","Gate 9",4,0.02,0
1,"Cruise_NorthSea_PE486_Algae_PE486_1_7m.fcs compensated","Gate 1","Gate 9",33,0.6,0.3
1,"Cruise_NorthSea_PE486_Algae_PE486_1_15m.fcs compensated","Gate 1","Gate 9",36,0.53,0.27
1,"Cruise_NorthSea_PE486_Algae_PE486_1_30m.fcs compensated","Gate 1","Gate 9",114,2.01,0.94
1,"Cruise_NorthSea_PE486_Algae_PE486_2_7m.fcs compensated","Gate 1","Gate 9",39,0.5,0.36
1,"Cruise_NorthSea_PE486_Algae_PE486_2_7m_SSC425.fcs compensated","Gate 1","Gate 9",8,0.1,0.07
1,"Cruise_NorthSea_PE486_Algae_PE486_2_15m.fcs compensated","Gate 1","Gate 9",10,0.15,0.1
1,"Cruise_NorthSea_PE486_Algae_PE486_2_30m.fcs compensated","Gate 1","Gate 9",10,0.28,0.16
1,"Cruise_NorthSea_PE486_Algae_PE486_3_7m.fcs compensated","Gate 1","Gate 9",50,1.95,0.57
1,"Cruise_NorthSea_PE486_Algae_PE486_3_15m.fcs compensated","Gate 1","Gate 9",52,1.94,0.47
1,"Cruise_NorthSea_PE486_Algae_PE486_4_7m.fcs compensated","Gate 1","Gate 9",91,0.73,0.59
1,"Cruise_NorthSea_PE486_Algae_PE486_4_15m.fcs compensated","Gate 1","Gate 9",100,0.76,0.62
1,"Cruise_NorthSea_PE486_Algae_PE486_4_30m.fcs compensated","Gate 1","Gate 9",90,1.84,1.29
1,"Cruise_NorthSea_PE486_Algae_PE486_4_xm_Run3.fcs compensated","Gate 1","Gate 9",314,2.46,1.98
1,"Cruise_NorthSea_PE486_Algae_PE486_4_ym.fcs compensated","Gate 1","Gate 9",145,2.91,2
1,"Cruise_NorthSea_PE486_Algae_PE486_4_zm.fcs compensated","Gate 1","Gate 9",255,2.08,1.67
1,"Cruise_NorthSea_PE486_Algae_PE486_5_7m.fcs compensated","Gate 1","Gate 9",25,0.63,0.33
1,"Cruise_NorthSea_PE486_Algae_PE486_5_15m.fcs compensated","Gate 1","Gate 9",30,0.76,0.4
1,"Cruise_NorthSea_PE486_Algae_PE486_6_7_8m.fcs compensated","Gate 1","Gate 9",20,0.46,0.34
1,"Cruise_NorthSea_PE486_Algae_PE486_6_7_8m_Run2.fcs compensated","Gate 1","Gate 9",33,0.77,0.56
1,"Cruise_NorthSea_PE486_Algae_PE486_6_7m.fcs compensated","Gate 1","Gate 9",24,0.27,0.23
1,"Cruise_NorthSea_PE486_Algae_PE486_6_15m.fcs compensated","Gate 1","Gate 9",39,0.82,0.61
1,"Cruise_NorthSea_PE486_Algae_PE486_7_7m.fcs compensated","Gate 1","Gate 9",89,0.69,0.58
1,"Cruise_NorthSea_PE486_Algae_PE486_7_15m.fcs compensated","Gate 1","Gate 9",1066,10.03,7
1,"Cruise_NorthSea_PE486_Algae_PE486_7_30m.fcs compensated","Gate 1","Gate 9",1693,16.4,9.81
1,"Cruise_NorthSea_PE486_Algae_PE486_8_2m.fcs compensated","Gate 1","Gate 9",42,0.26,0.2
1,"Cruise_NorthSea_PE486_Algae_PE486_8_7m.fcs compensated","Gate 1","Gate 9",44,0.28,0.21
1,"Cruise_NorthSea_PE486_Algae_PE486_8_15m.fcs compensated","Gate 1","Gate 9",37,0.28,0.21
1,"Cruise_NorthSea_PE486_Algae_PE486_8_20m.fcs compensated","Gate 1","Gate 9",25,0.61,0.33
1,"Cruise_NorthSea_PE486_Algae_PE486_8_30m.fcs compensated","Gate 1","Gate 9",34,0.75,0.41
1,"Cruise_NorthSea_PE486_Algae_PE486_8_40m.fcs compensated","Gate 1","Gate 9",54,1.14,0.63
1,"Cruise_NorthSea_PE486_Algae_PE486_8_45_8m.fcs compensated","Gate 1","Gate 9",149,2.28,1.4
1,"Cruise_NorthSea_PE477_Algae_PE477_1_7m.fcs compensated","Gate 1","Gate 10",30,0.14,0.05
1,"Cruise_NorthSea_PE477_Algae_PE477_2_7m.fcs compensated","Gate 1","Gate 10",20,0.49,0.04
1,"Cruise_NorthSea_PE477_Algae_PE477_2_15m.fcs compensated","Gate 1","Gate 10",27,0.47,0.06
1,"Cruise_NorthSea_PE477_Algae_PE477_2_30m.fcs compensated","Gate 1","Gate 10",35,0.47,0.07
1,"Cruise_NorthSea_PE477_Algae_PE477_3_7m.fcs compensated","Gate 1","Gate 10",16,0.11,0.05
1,"Cruise_NorthSea_PE477_Algae_PE477_3_15m.fcs compensated","Gate 1","Gate 10",9,0.07,0.03
1,"Cruise_NorthSea_PE477_Algae_PE477_3_30m.fcs compensated","Gate 1","Gate 10",6,0.09,0.04
1,"Cruise_NorthSea_PE477_Algae_PE477_4_7m.fcs compensated","Gate 1","Gate 10",12,0.13,0.06
1,"Cruise_NorthSea_PE477_Algae_PE477_4_15m.fcs compensated","Gate 1","Gate 10",8,0.23,0.04
1,"Cruise_NorthSea_PE477_Algae_PE477_4_30m.fcs compensated","Gate 1","Gate 10",0,0,0
1,"Cruise_NorthSea_PE477_Algae_PE477_5_7m.fcs compensated","Gate 1","Gate 10",24,0.05,0.01
1,"Cruise_NorthSea_PE477_Algae_PE477_5_15m.fcs compensated","Gate 1","Gate 10",22,0.04,0.01
1,"Cruise_NorthSea_PE477_Algae_PE477_5_30m.fcs compensated","Gate 1","Gate 10",15,0.1,0.03
1,"Cruise_NorthSea_PE477_Algae_PE477_6_7m.fcs compensated","Gate 1","Gate 10",4,0.02,0
1,"Cruise_NorthSea_PE477_Algae_PE477_6_15m.fcs compensated","Gate 1","Gate 10",8,0.04,0.01
1,"Cruise_NorthSea_PE477_Algae_PE477_6_30m.fcs compensated","Gate 1","Gate 10",1,0.02,0
1,"Cruise_NorthSea_PE477_Algae_PE477_7_7m_Bottle3.fcs compensated","Gate 1","Gate 10",14,0.03,0.01
1,"Cruise_NorthSea_PE477_Algae_PE477_7_7m_Bottle11.fcs compensated","Gate 1","Gate 10",11,0.03,0
1,"Cruise_NorthSea_PE477_Algae_PE477_7_15m.fcs compensated","Gate 1","Gate 10",11,0.03,0
1,"Cruise_NorthSea_PE477_Algae_PE477_7_30m.fcs compensated","Gate 1","Gate 10",4,0.02,0
1,"Cruise_NorthSea_PE486_Algae_PE486_1_7m.fcs compensated","Gate 1","Gate 10",40,0.73,0.36
1,"Cruise_NorthSea_PE486_Algae_PE486_1_15m.fcs compensated","Gate 1","Gate 10",47,0.69,0.36
1,"Cruise_NorthSea_PE486_Algae_PE486_1_30m.fcs compensated","Gate 1","Gate 10",57,1.01,0.47
1,"Cruise_NorthSea_PE486_Algae_PE486_2_7m.fcs compensated","Gate 1","Gate 10",31,0.4,0.28
1,"Cruise_NorthSea_PE486_Algae_PE486_2_7m_SSC425.fcs compensated","Gate 1","Gate 10",14,0.18,0.13
1,"Cruise_NorthSea_PE486_Algae_PE486_2_15m.fcs compensated","Gate 1","Gate 10",17,0.26,0.17
1,"Cruise_NorthSea_PE486_Algae_PE486_2_30m.fcs compensated","Gate 1","Gate 10",16,0.45,0.26
1,"Cruise_NorthSea_PE486_Algae_PE486_3_7m.fcs compensated","Gate 1","Gate 10",99,3.85,1.13
1,"Cruise_NorthSea_PE486_Algae_PE486_3_15m.fcs compensated","Gate 1","Gate 10",107,3.99,0.96
1,"Cruise_NorthSea_PE486_Algae_PE486_4_7m.fcs compensated","Gate 1","Gate 10",206,1.66,1.33
1,"Cruise_NorthSea_PE486_Algae_PE486_4_15m.fcs compensated","Gate 1","Gate 10",216,1.64,1.33
1,"Cruise_NorthSea_PE486_Algae_PE486_4_30m.fcs compensated","Gate 1","Gate 10",56,1.15,0.8
1,"Cruise_NorthSea_PE486_Algae_PE486_4_xm_Run3.fcs compensated","Gate 1","Gate 10",240,1.88,1.51
1,"Cruise_NorthSea_PE486_Algae_PE486_4_ym.fcs compensated","Gate 1","Gate 10",105,2.11,1.45
1,"Cruise_NorthSea_PE486_Algae_PE486_4_zm.fcs compensated","Gate 1","Gate 10",230,1.87,1.51
1,"Cruise_NorthSea_PE486_Algae_PE486_5_7m.fcs compensated","Gate 1","Gate 10",14,0.35,0.19
1,"Cruise_NorthSea_PE486_Algae_PE486_5_15m.fcs compensated","Gate 1","Gate 10",15,0.38,0.2
1,"Cruise_NorthSea_PE486_Algae_PE486_6_7_8m.fcs compensated","Gate 1","Gate 10",21,0.48,0.36
1,"Cruise_NorthSea_PE486_Algae_PE486_6_7_8m_Run2.fcs compensated","Gate 1","Gate 10",29,0.68,0.49
1,"Cruise_NorthSea_PE486_Algae_PE486_6_7m.fcs compensated","Gate 1","Gate 10",35,0.4,0.33
1,"Cruise_NorthSea_PE486_Algae_PE486_6_15m.fcs compensated","Gate 1","Gate 10",39,0.82,0.61
1,"Cruise_NorthSea_PE486_Algae_PE486_7_7m.fcs compensated","Gate 1","Gate 10",50,0.39,0.33
1,"Cruise_NorthSea_PE486_Algae_PE486_7_15m.fcs compensated","Gate 1","Gate 10",905,8.52,5.94
1,"Cruise_NorthSea_PE486_Algae_PE486_7_30m.fcs compensated","Gate 1","Gate 10",1385,13.41,8.03
1,"Cruise_NorthSea_PE486_Algae_PE486_8_2m.fcs compensated","Gate 1","Gate 10",45,0.28,0.21
1,"Cruise_NorthSea_PE486_Algae_PE486_8_7m.fcs compensated","Gate 1","Gate 10",36,0.23,0.17
1,"Cruise_NorthSea_PE486_Algae_PE486_8_15m.fcs compensated","Gate 1","Gate 10",27,0.21,0.15
1,"Cruise_NorthSea_PE486_Algae_PE486_8_20m.fcs compensated","Gate 1","Gate 10",12,0.29,0.16
1,"Cruise_NorthSea_PE486_Algae_PE486_8_30m.fcs compensated","Gate 1","Gate 10",21,0.46,0.26
1,"Cruise_NorthSea_PE486_Algae_PE486_8_40m.fcs compensated","Gate 1","Gate 10",16,0.34,0.19
1,"Cruise_NorthSea_PE486_Algae_PE486_8_45_8m.fcs compensated","Gate 1","Gate 10",25,0.38,0.23
1,"Cruise_NorthSea_PE477_Algae_PE477_1_7m.fcs compensated","Gate 1","Gate 11",32,0.15,0.06
1,"Cruise_NorthSea_PE477_Algae_PE477_2_7m.fcs compensated","Gate 1","Gate 11",154,3.78,0.34
1,"Cruise_NorthSea_PE477_Algae_PE477_2_15m.fcs compensated","Gate 1","Gate 11",154,2.71,0.32
1,"Cruise_NorthSea_PE477_Algae_PE477_2_30m.fcs compensated","Gate 1","Gate 11",173,2.31,0.35
1,"Cruise_NorthSea_PE477_Algae_PE477_3_7m.fcs compensated","Gate 1","Gate 11",130,0.93,0.37
1,"Cruise_NorthSea_PE477_Algae_PE477_3_15m.fcs compensated","Gate 1","Gate 11",94,0.76,0.3
1,"Cruise_NorthSea_PE477_Algae_PE477_3_30m.fcs compensated","Gate 1","Gate 11",23,0.35,0.14
1,"Cruise_NorthSea_PE477_Algae_PE477_4_7m.fcs compensated","Gate 1","Gate 11",119,1.28,0.64
1,"Cruise_NorthSea_PE477_Algae_PE477_4_15m.fcs compensated","Gate 1","Gate 11",69,2.02,0.35
1,"Cruise_NorthSea_PE477_Algae_PE477_4_30m.fcs compensated","Gate 1","Gate 11",72,3.26,0.53
1,"Cruise_NorthSea_PE477_Algae_PE477_5_7m.fcs compensated","Gate 1","Gate 11",83,0.17,0.05
1,"Cruise_NorthSea_PE477_Algae_PE477_5_15m.fcs compensated","Gate 1","Gate 11",99,0.2,0.06
1,"Cruise_NorthSea_PE477_Algae_PE477_5_30m.fcs compensated","Gate 1","Gate 11",32,0.2,0.06
1,"Cruise_NorthSea_PE477_Algae_PE477_6_7m.fcs compensated","Gate 1","Gate 11",65,0.34,0.05
1,"Cruise_NorthSea_PE477_Algae_PE477_6_15m.fcs compensated","Gate 1","Gate 11",51,0.26,0.04
1,"Cruise_NorthSea_PE477_Algae_PE477_6_30m.fcs compensated","Gate 1","Gate 11",48,0.73,0.13
1,"Cruise_NorthSea_PE477_Algae_PE477_7_7m_Bottle3.fcs compensated","Gate 1","Gate 11",103,0.26,0.04
1,"Cruise_NorthSea_PE477_Algae_PE477_7_7m_Bottle11.fcs compensated","Gate 1","Gate 11",102,0.28,0.04
1,"Cruise_NorthSea_PE477_Algae_PE477_7_15m.fcs compensated","Gate 1","Gate 11",121,0.32,0.04
1,"Cruise_NorthSea_PE477_Algae_PE477_7_30m.fcs compensated","Gate 1","Gate 11",45,0.17,0.02
1,"Cruise_NorthSea_PE486_Algae_PE486_1_7m.fcs compensated","Gate 1","Gate 11",79,1.44,0.72
1,"Cruise_NorthSea_PE486_Algae_PE486_1_15m.fcs compensated","Gate 1","Gate 11",71,1.04,0.54
1,"Cruise_NorthSea_PE486_Algae_PE486_1_30m.fcs compensated","Gate 1","Gate 11",62,1.09,0.51
1,"Cruise_NorthSea_PE486_Algae_PE486_2_7m.fcs compensated","Gate 1","Gate 11",147,1.9,1.34
1,"Cruise_NorthSea_PE486_Algae_PE486_2_7m_SSC425.fcs compensated","Gate 1","Gate 11",97,1.27,0.89
1,"Cruise_NorthSea_PE486_Algae_PE486_2_15m.fcs compensated","Gate 1","Gate 11",34,0.52,0.34
1,"Cruise_NorthSea_PE486_Algae_PE486_2_30m.fcs compensated","Gate 1","Gate 11",32,0.9,0.52
1,"Cruise_NorthSea_PE486_Algae_PE486_3_7m.fcs compensated","Gate 1","Gate 11",23,0.89,0.26
1,"Cruise_NorthSea_PE486_Algae_PE486_3_15m.fcs compensated","Gate 1","Gate 11",10,0.37,0.09
1,"Cruise_NorthSea_PE486_Algae_PE486_4_7m.fcs compensated","Gate 1","Gate 11",273,2.2,1.76
1,"Cruise_NorthSea_PE486_Algae_PE486_4_15m.fcs compensated","Gate 1","Gate 11",310,2.36,1.91
1,"Cruise_NorthSea_PE486_Algae_PE486_4_30m.fcs compensated","Gate 1","Gate 11",117,2.39,1.67
1,"Cruise_NorthSea_PE486_Algae_PE486_4_xm_Run3.fcs compensated","Gate 1","Gate 11",576,4.51,3.63
1,"Cruise_NorthSea_PE486_Algae_PE486_4_ym.fcs compensated","Gate 1","Gate 11",203,4.08,2.81
1,"Cruise_NorthSea_PE486_Algae_PE486_4_zm.fcs compensated","Gate 1","Gate 11",521,4.24,3.41
1,"Cruise_NorthSea_PE486_Algae_PE486_5_7m.fcs compensated","Gate 1","Gate 11",65,1.64,0.87
1,"Cruise_NorthSea_PE486_Algae_PE486_5_15m.fcs compensated","Gate 1","Gate 11",60,1.52,0.81
1,"Cruise_NorthSea_PE486_Algae_PE486_6_7_8m.fcs compensated","Gate 1","Gate 11",30,0.69,0.51
1,"Cruise_NorthSea_PE486_Algae_PE486_6_7_8m_Run2.fcs compensated","Gate 1","Gate 11",43,1.01,0.73
1,"Cruise_NorthSea_PE486_Algae_PE486_6_7m.fcs compensated","Gate 1","Gate 11",59,0.67,0.55
1,"Cruise_NorthSea_PE486_Algae_PE486_6_15m.fcs compensated","Gate 1","Gate 11",68,1.42,1.07
1,"Cruise_NorthSea_PE486_Algae_PE486_7_7m.fcs compensated","Gate 1","Gate 11",134,1.04,0.88
1,"Cruise_NorthSea_PE486_Algae_PE486_7_15m.fcs compensated","Gate 1","Gate 11",212,2,1.39
1,"Cruise_NorthSea_PE486_Algae_PE486_7_30m.fcs compensated","Gate 1","Gate 11",405,3.92,2.35
1,"Cruise_NorthSea_PE486_Algae_PE486_8_2m.fcs compensated","Gate 1","Gate 11",287,1.79,1.34
1,"Cruise_NorthSea_PE486_Algae_PE486_8_7m.fcs compensated","Gate 1","Gate 11",293,1.87,1.41
1,"Cruise_NorthSea_PE486_Algae_PE486_8_15m.fcs compensated","Gate 1","Gate 11",169,1.3,0.96
1,"Cruise_NorthSea_PE486_Algae_PE486_8_20m.fcs compensated","Gate 1","Gate 11",36,0.88,0.48
1,"Cruise_NorthSea_PE486_Algae_PE486_8_30m.fcs compensated","Gate 1","Gate 11",40,0.88,0.49
1,"Cruise_NorthSea_PE486_Algae_PE486_8_40m.fcs compensated","Gate 1","Gate 11",50,1.06,0.58
1,"Cruise_NorthSea_PE486_Algae_PE486_8_45_8m.fcs compensated","Gate 1","Gate 11",174,2.67,1.63
1,"Cruise_NorthSea_PE477_Algae_PE477_1_7m.fcs compensated","Gate 1","Gate 12",52,0.24,0.09
1,"Cruise_NorthSea_PE477_Algae_PE477_2_7m.fcs compensated","Gate 1","Gate 12",116,2.84,0.26
1,"Cruise_NorthSea_PE477_Algae_PE477_2_15m.fcs compensated","Gate 1","Gate 12",111,1.95,0.23
1,"Cruise_NorthSea_PE477_Algae_PE477_2_30m.fcs compensated","Gate 1","Gate 12",109,1.46,0.22
1,"Cruise_NorthSea_PE477_Algae_PE477_3_7m.fcs compensated","Gate 1","Gate 12",345,2.48,0.98
1,"Cruise_NorthSea_PE477_Algae_PE477_3_15m.fcs compensated","Gate 1","Gate 12",241,1.94,0.77
1,"Cruise_NorthSea_PE477_Algae_PE477_3_30m.fcs compensated","Gate 1","Gate 12",52,0.8,0.31
1,"Cruise_NorthSea_PE477_Algae_PE477_4_7m.fcs compensated","Gate 1","Gate 12",306,3.3,1.65
1,"Cruise_NorthSea_PE477_Algae_PE477_4_15m.fcs compensated","Gate 1","Gate 12",194,5.67,1
1,"Cruise_NorthSea_PE477_Algae_PE477_4_30m.fcs compensated","Gate 1","Gate 12",134,6.06,0.99
1,"Cruise_NorthSea_PE477_Algae_PE477_5_7m.fcs compensated","Gate 1","Gate 12",232,0.48,0.14
1,"Cruise_NorthSea_PE477_Algae_PE477_5_15m.fcs compensated","Gate 1","Gate 12",293,0.59,0.17
1,"Cruise_NorthSea_PE477_Algae_PE477_5_30m.fcs compensated","Gate 1","Gate 12",56,0.36,0.11
1,"Cruise_NorthSea_PE477_Algae_PE477_6_7m.fcs compensated","Gate 1","Gate 12",107,0.55,0.09
1,"Cruise_NorthSea_PE477_Algae_PE477_6_15m.fcs compensated","Gate 1","Gate 12",78,0.4,0.06
1,"Cruise_NorthSea_PE477_Algae_PE477_6_30m.fcs compensated","Gate 1","Gate 12",42,0.64,0.12
1,"Cruise_NorthSea_PE477_Algae_PE477_7_7m_Bottle3.fcs compensated","Gate 1","Gate 12",176,0.44,0.06
1,"Cruise_NorthSea_PE477_Algae_PE477_7_7m_Bottle11.fcs compensated","Gate 1","Gate 12",171,0.47,0.06
1,"Cruise_NorthSea_PE477_Algae_PE477_7_15m.fcs compensated","Gate 1","Gate 12",241,0.65,0.09
1,"Cruise_NorthSea_PE477_Algae_PE477_7_30m.fcs compensated","Gate 1","Gate 12",105,0.4,0.05
1,"Cruise_NorthSea_PE486_Algae_PE486_1_7m.fcs compensated","Gate 1","Gate 12",18,0.33,0.16
1,"Cruise_NorthSea_PE486_Algae_PE486_1_15m.fcs compensated","Gate 1","Gate 12",22,0.32,0.17
1,"Cruise_NorthSea_PE486_Algae_PE486_1_30m.fcs compensated","Gate 1","Gate 12",20,0.35,0.16
1,"Cruise_NorthSea_PE486_Algae_PE486_2_7m.fcs compensated","Gate 1","Gate 12",20,0.26,0.18
1,"Cruise_NorthSea_PE486_Algae_PE486_2_7m_SSC425.fcs compensated","Gate 1","Gate 12",44,0.58,0.41
1,"Cruise_NorthSea_PE486_Algae_PE486_2_15m.fcs compensated","Gate 1","Gate 12",14,0.22,0.14
1,"Cruise_NorthSea_PE486_Algae_PE486_2_30m.fcs compensated","Gate 1","Gate 12",12,0.34,0.19
1,"Cruise_NorthSea_PE486_Algae_PE486_3_7m.fcs compensated","Gate 1","Gate 12",6,0.23,0.07
1,"Cruise_NorthSea_PE486_Algae_PE486_3_15m.fcs compensated","Gate 1","Gate 12",3,0.11,0.03
1,"Cruise_NorthSea_PE486_Algae_PE486_4_7m.fcs compensated","Gate 1","Gate 12",248,2,1.6
1,"Cruise_NorthSea_PE486_Algae_PE486_4_15m.fcs compensated","Gate 1","Gate 12",304,2.31,1.87
1,"Cruise_NorthSea_PE486_Algae_PE486_4_30m.fcs compensated","Gate 1","Gate 12",81,1.66,1.16
1,"Cruise_NorthSea_PE486_Algae_PE486_4_xm_Run3.fcs compensated","Gate 1","Gate 12",174,1.36,1.1
1,"Cruise_NorthSea_PE486_Algae_PE486_4_ym.fcs compensated","Gate 1","Gate 12",91,1.83,1.26
1,"Cruise_NorthSea_PE486_Algae_PE486_4_zm.fcs compensated","Gate 1","Gate 12",178,1.45,1.16
1,"Cruise_NorthSea_PE486_Algae_PE486_5_7m.fcs compensated","Gate 1","Gate 12",50,1.26,0.67
1,"Cruise_NorthSea_PE486_Algae_PE486_5_15m.fcs compensated","Gate 1","Gate 12",51,1.29,0.69
1,"Cruise_NorthSea_PE486_Algae_PE486_6_7_8m.fcs compensated","Gate 1","Gate 12",52,1.19,0.88
1,"Cruise_NorthSea_PE486_Algae_PE486_6_7_8m_Run2.fcs compensated","Gate 1","Gate 12",55,1.29,0.93
1,"Cruise_NorthSea_PE486_Algae_PE486_6_7m.fcs compensated","Gate 1","Gate 12",68,0.77,0.64
1,"Cruise_NorthSea_PE486_Algae_PE486_6_15m.fcs compensated","Gate 1","Gate 12",53,1.11,0.84
1,"Cruise_NorthSea_PE486_Algae_PE486_7_7m.fcs compensated","Gate 1","Gate 12",108,0.84,0.71
1,"Cruise_NorthSea_PE486_Algae_PE486_7_15m.fcs compensated","Gate 1","Gate 12",89,0.84,0.58
1,"Cruise_NorthSea_PE486_Algae_PE486_7_30m.fcs compensated","Gate 1","Gate 12",103,1,0.6
1,"Cruise_NorthSea_PE486_Algae_PE486_8_2m.fcs compensated","Gate 1","Gate 12",113,0.71,0.53
1,"Cruise_NorthSea_PE486_Algae_PE486_8_7m.fcs compensated","Gate 1","Gate 12",91,0.58,0.44
1,"Cruise_NorthSea_PE486_Algae_PE486_8_15m.fcs compensated","Gate 1","Gate 12",75,0.58,0.43
1,"Cruise_NorthSea_PE486_Algae_PE486_8_20m.fcs compensated","Gate 1","Gate 12",40,0.98,0.53
1,"Cruise_NorthSea_PE486_Algae_PE486_8_30m.fcs compensated","Gate 1","Gate 12",30,0.66,0.37
1,"Cruise_NorthSea_PE486_Algae_PE486_8_40m.fcs compensated","Gate 1","Gate 12",29,0.61,0.34
1,"Cruise_NorthSea_PE486_Algae_PE486_8_45_8m.fcs compensated","Gate 1","Gate 12",42,0.64,0.39
1,"Cruise_NorthSea_PE477_Algae_PE477_1_7m.fcs compensated","Gate 1","Gate 13",5,0.02,0.01
1,"Cruise_NorthSea_PE477_Algae_PE477_2_7m.fcs compensated","Gate 1","Gate 13",12,0.29,0.03
1,"Cruise_NorthSea_PE477_Algae_PE477_2_15m.fcs compensated","Gate 1","Gate 13",8,0.14,0.02
1,"Cruise_NorthSea_PE477_Algae_PE477_2_30m.fcs compensated","Gate 1","Gate 13",9,0.12,0.02
1,"Cruise_NorthSea_PE477_Algae_PE477_3_7m.fcs compensated","Gate 1","Gate 13",25,0.18,0.07
1,"Cruise_NorthSea_PE477_Algae_PE477_3_15m.fcs compensated","Gate 1","Gate 13",19,0.15,0.06
1,"Cruise_NorthSea_PE477_Algae_PE477_3_30m.fcs compensated","Gate 1","Gate 13",6,0.09,0.04
1,"Cruise_NorthSea_PE477_Algae_PE477_4_7m.fcs compensated","Gate 1","Gate 13",18,0.19,0.1
1,"Cruise_NorthSea_PE477_Algae_PE477_4_15m.fcs compensated","Gate 1","Gate 13",14,0.41,0.07
1,"Cruise_NorthSea_PE477_Algae_PE477_4_30m.fcs compensated","Gate 1","Gate 13",8,0.36,0.06
1,"Cruise_NorthSea_PE477_Algae_PE477_5_7m.fcs compensated","Gate 1","Gate 13",30,0.06,0.02
1,"Cruise_NorthSea_PE477_Algae_PE477_5_15m.fcs compensated","Gate 1","Gate 13",35,0.07,0.02
1,"Cruise_NorthSea_PE477_Algae_PE477_5_30m.fcs compensated","Gate 1","Gate 13",7,0.04,0.01
1,"Cruise_NorthSea_PE477_Algae_PE477_6_7m.fcs compensated","Gate 1","Gate 13",5,0.03,0
1,"Cruise_NorthSea_PE477_Algae_PE477_6_15m.fcs compensated","Gate 1","Gate 13",6,0.03,0
1,"Cruise_NorthSea_PE477_Algae_PE477_6_30m.fcs compensated","Gate 1","Gate 13",9,0.14,0.02
1,"Cruise_NorthSea_PE477_Algae_PE477_7_7m_Bottle3.fcs compensated","Gate 1","Gate 13",12,0.03,0
1,"Cruise_NorthSea_PE477_Algae_PE477_7_7m_Bottle11.fcs compensated","Gate 1","Gate 13",10,0.03,0
1,"Cruise_NorthSea_PE477_Algae_PE477_7_15m.fcs compensated","Gate 1","Gate 13",16,0.04,0.01
1,"Cruise_NorthSea_PE477_Algae_PE477_7_30m.fcs compensated","Gate 1","Gate 13",8,0.03,0
1,"Cruise_NorthSea_PE486_Algae_PE486_1_7m.fcs compensated","Gate 1","Gate 13",0,0,0
1,"Cruise_NorthSea_PE486_Algae_PE486_1_15m.fcs compensated","Gate 1","Gate 13",0,0,0
1,"Cruise_NorthSea_PE486_Algae_PE486_1_30m.fcs compensated","Gate 1","Gate 13",0,0,0
1,"Cruise_NorthSea_PE486_Algae_PE486_2_7m.fcs compensated","Gate 1","Gate 13",0,0,0
1,"Cruise_NorthSea_PE486_Algae_PE486_2_7m_SSC425.fcs compensated","Gate 1","Gate 13",0,0,0
1,"Cruise_NorthSea_PE486_Algae_PE486_2_15m.fcs compensated","Gate 1","Gate 13",0,0,0
1,"Cruise_NorthSea_PE486_Algae_PE486_2_30m.fcs compensated","Gate 1","Gate 13",2,0.06,0.03
1,"Cruise_NorthSea_PE486_Algae_PE486_3_7m.fcs compensated","Gate 1","Gate 13",0,0,0
1,"Cruise_NorthSea_PE486_Algae_PE486_3_15m.fcs compensated","Gate 1","Gate 13",0,0,0
1,"Cruise_NorthSea_PE486_Algae_PE486_4_7m.fcs compensated","Gate 1","Gate 13",5,0.04,0.03
1,"Cruise_NorthSea_PE486_Algae_PE486_4_15m.fcs compensated","Gate 1","Gate 13",10,0.08,0.06
1,"Cruise_NorthSea_PE486_Algae_PE486_4_30m.fcs compensated","Gate 1","Gate 13",4,0.08,0.06
1,"Cruise_NorthSea_PE486_Algae_PE486_4_xm_Run3.fcs compensated","Gate 1","Gate 13",0,0,0
1,"Cruise_NorthSea_PE486_Algae_PE486_4_ym.fcs compensated","Gate 1","Gate 13",4,0.08,0.06
1,"Cruise_NorthSea_PE486_Algae_PE486_4_zm.fcs compensated","Gate 1","Gate 13",3,0.02,0.02
1,"Cruise_NorthSea_PE486_Algae_PE486_5_7m.fcs compensated","Gate 1","Gate 13",2,0.05,0.03
1,"Cruise_NorthSea_PE486_Algae_PE486_5_15m.fcs compensated","Gate 1","Gate 13",3,0.08,0.04
1,"Cruise_NorthSea_PE486_Algae_PE486_6_7_8m.fcs compensated","Gate 1","Gate 13",1,0.02,0.02
1,"Cruise_NorthSea_PE486_Algae_PE486_6_7_8m_Run2.fcs compensated","Gate 1","Gate 13",0,0,0
1,"Cruise_NorthSea_PE486_Algae_PE486_6_7m.fcs compensated","Gate 1","Gate 13",2,0.02,0.02
1,"Cruise_NorthSea_PE486_Algae_PE486_6_15m.fcs compensated","Gate 1","Gate 13",0,0,0
1,"Cruise_NorthSea_PE486_Algae_PE486_7_7m.fcs compensated","Gate 1","Gate 13",0,0,0
1,"Cruise_NorthSea_PE486_Algae_PE486_7_15m.fcs compensated","Gate 1","Gate 13",1,0.01,0.01
1,"Cruise_NorthSea_PE486_Algae_PE486_7_30m.fcs compensated","Gate 1","Gate 13",2,0.02,0.01
1,"Cruise_NorthSea_PE486_Algae_PE486_8_2m.fcs compensated","Gate 1","Gate 13",1,0.01,0
1,"Cruise_NorthSea_PE486_Algae_PE486_8_7m.fcs compensated","Gate 1","Gate 13",2,0.01,0.01
1,"Cruise_NorthSea_PE486_Algae_PE486_8_15m.fcs compensated","Gate 1","Gate 13",2,0.02,0.01
1,"Cruise_NorthSea_PE486_Algae_PE486_8_20m.fcs compensated","Gate 1","Gate 13",0,0,0
1,"Cruise_NorthSea_PE486_Algae_PE486_8_30m.fcs compensated","Gate 1","Gate 13",1,0.02,0.01
1,"Cruise_NorthSea_PE486_Algae_PE486_8_40m.fcs compensated","Gate 1","Gate 13",4,0.08,0.05
1,"Cruise_NorthSea_PE486_Algae_PE486_8_45_8m.fcs compensated","Gate 1","Gate 13",2,0.03,0.02
1,"Cruise_NorthSea_PE477_Algae_PE477_1_7m.fcs compensated","Gate 1","Gate 3",19541,91.39,35.06
1,"Cruise_NorthSea_PE477_Algae_PE477_2_7m.fcs compensated","Gate 1","Gate 3",1711,41.96,3.77
1,"Cruise_NorthSea_PE477_Algae_PE477_2_15m.fcs compensated","Gate 1","Gate 3",1990,34.99,4.16
1,"Cruise_NorthSea_PE477_Algae_PE477_2_30m.fcs compensated","Gate 1","Gate 3",2016,26.95,4.04
1,"Cruise_NorthSea_PE477_Algae_PE477_3_7m.fcs compensated","Gate 1","Gate 3",10689,76.79,30.29
1,"Cruise_NorthSea_PE477_Algae_PE477_3_15m.fcs compensated","Gate 1","Gate 3",9623,77.6,30.88
1,"Cruise_NorthSea_PE477_Algae_PE477_3_30m.fcs compensated","Gate 1","Gate 3",3364,51.54,20.06
1,"Cruise_NorthSea_PE477_Algae_PE477_4_7m.fcs compensated","Gate 1","Gate 3",7131,76.91,38.56
1,"Cruise_NorthSea_PE477_Algae_PE477_4_15m.fcs compensated","Gate 1","Gate 3",1825,53.35,9.39
1,"Cruise_NorthSea_PE477_Algae_PE477_4_30m.fcs compensated","Gate 1","Gate 3",950,42.97,7
1,"Cruise_NorthSea_PE477_Algae_PE477_5_7m.fcs compensated","Gate 1","Gate 3",45396,94.32,27.18
1,"Cruise_NorthSea_PE477_Algae_PE477_5_15m.fcs compensated","Gate 1","Gate 3",46859,94.24,27.88
1,"Cruise_NorthSea_PE477_Algae_PE477_5_30m.fcs compensated","Gate 1","Gate 3",13776,87.73,25.86
1,"Cruise_NorthSea_PE477_Algae_PE477_6_7m.fcs compensated","Gate 1","Gate 3",17868,92.37,14.56
1,"Cruise_NorthSea_PE477_Algae_PE477_6_15m.fcs compensated","Gate 1","Gate 3",18139,93.16,14.56
1,"Cruise_NorthSea_PE477_Algae_PE477_6_30m.fcs compensated","Gate 1","Gate 3",5180,78.33,14.22
1,"Cruise_NorthSea_PE477_Algae_PE477_7_7m_Bottle3.fcs compensated","Gate 1","Gate 3",38228,95.36,13.86
1,"Cruise_NorthSea_PE477_Algae_PE477_7_7m_Bottle11.fcs compensated","Gate 1","Gate 3",34378,95.36,13.02
1,"Cruise_NorthSea_PE477_Algae_PE477_7_15m.fcs compensated","Gate 1","Gate 3",35428,94.93,13.07
1,"Cruise_NorthSea_PE477_Algae_PE477_7_30m.fcs compensated","Gate 1","Gate 3",24967,95.38,11.4
1,"Cruise_NorthSea_PE486_Algae_PE486_1_7m.fcs compensated","Gate 1","Gate 3",4094,74.86,37.35
1,"Cruise_NorthSea_PE486_Algae_PE486_1_15m.fcs compensated","Gate 1","Gate 3",4306,63.36,32.61
1,"Cruise_NorthSea_PE486_Algae_PE486_1_30m.fcs compensated","Gate 1","Gate 3",3752,66.2,30.95
1,"Cruise_NorthSea_PE486_Algae_PE486_2_7m.fcs compensated","Gate 1","Gate 3",6388,82.59,58.27
1,"Cruise_NorthSea_PE486_Algae_PE486_2_7m_SSC425.fcs compensated","Gate 1","Gate 3",6529,85.49,60.15
1,"Cruise_NorthSea_PE486_Algae_PE486_2_15m.fcs compensated","Gate 1","Gate 3",5587,86.1,56.23
1,"Cruise_NorthSea_PE486_Algae_PE486_2_30m.fcs compensated","Gate 1","Gate 3",2650,74.19,42.86
1,"Cruise_NorthSea_PE486_Algae_PE486_3_7m.fcs compensated","Gate 1","Gate 3",1314,51.13,14.97
1,"Cruise_NorthSea_PE486_Algae_PE486_3_15m.fcs compensated","Gate 1","Gate 3",1114,41.55,9.99
1,"Cruise_NorthSea_PE486_Algae_PE486_4_7m.fcs compensated","Gate 1","Gate 3",8740,70.52,56.39
1,"Cruise_NorthSea_PE486_Algae_PE486_4_15m.fcs compensated","Gate 1","Gate 3",9157,69.67,56.43
1,"Cruise_NorthSea_PE486_Algae_PE486_4_30m.fcs compensated","Gate 1","Gate 3",2393,48.95,34.22
1,"Cruise_NorthSea_PE486_Algae_PE486_4_xm_Run3.fcs compensated","Gate 1","Gate 3",8406,65.85,53.04
1,"Cruise_NorthSea_PE486_Algae_PE486_4_ym.fcs compensated","Gate 1","Gate 3",2176,43.69,30.07
1,"Cruise_NorthSea_PE486_Algae_PE486_4_zm.fcs compensated","Gate 1","Gate 3",8311,67.69,54.38
1,"Cruise_NorthSea_PE486_Algae_PE486_5_7m.fcs compensated","Gate 1","Gate 3",2558,64.37,34.2
1,"Cruise_NorthSea_PE486_Algae_PE486_5_15m.fcs compensated","Gate 1","Gate 3",2631,66.47,35.43
1,"Cruise_NorthSea_PE486_Algae_PE486_6_7_8m.fcs compensated","Gate 1","Gate 3",2926,66.88,49.48
1,"Cruise_NorthSea_PE486_Algae_PE486_6_7_8m_Run2.fcs compensated","Gate 1","Gate 3",2891,67.69,49.12
1,"Cruise_NorthSea_PE486_Algae_PE486_6_7m.fcs compensated","Gate 1","Gate 3",6828,77.53,64.18
1,"Cruise_NorthSea_PE486_Algae_PE486_6_15m.fcs compensated","Gate 1","Gate 3",3226,67.48,50.84
1,"Cruise_NorthSea_PE486_Algae_PE486_7_7m.fcs compensated","Gate 1","Gate 3",10663,82.53,69.65
1,"Cruise_NorthSea_PE486_Algae_PE486_7_15m.fcs compensated","Gate 1","Gate 3",5407,50.89,35.51
1,"Cruise_NorthSea_PE486_Algae_PE486_7_30m.fcs compensated","Gate 1","Gate 3",2503,24.24,14.51
1,"Cruise_NorthSea_PE486_Algae_PE486_8_2m.fcs compensated","Gate 1","Gate 3",14433,90.06,67.49
1,"Cruise_NorthSea_PE486_Algae_PE486_8_7m.fcs compensated","Gate 1","Gate 3",14113,90.13,67.8
1,"Cruise_NorthSea_PE486_Algae_PE486_8_15m.fcs compensated","Gate 1","Gate 3",11525,88.5,65.37
1,"Cruise_NorthSea_PE486_Algae_PE486_8_20m.fcs compensated","Gate 1","Gate 3",2959,72.54,39.14
1,"Cruise_NorthSea_PE486_Algae_PE486_8_30m.fcs compensated","Gate 1","Gate 3",2693,59.41,32.81
1,"Cruise_NorthSea_PE486_Algae_PE486_8_40m.fcs compensated","Gate 1","Gate 3",2736,58,31.97
1,"Cruise_NorthSea_PE486_Algae_PE486_8_45_8m.fcs compensated","Gate 1","Gate 3",2655,40.68,24.89
1,"Cruise_NorthSea_PE477_Algae_PE477_1_7m.fcs compensated","Gate 1","Gate 5",6840,31.99,12.27
1,"Cruise_NorthSea_PE477_Algae_PE477_2_7m.fcs compensated","Gate 1","Gate 5",1391,34.11,3.07
1,"Cruise_NorthSea_PE477_Algae_PE477_2_15m.fcs compensated","Gate 1","Gate 5",1331,23.4,2.78
1,"Cruise_NorthSea_PE477_Algae_PE477_2_30m.fcs compensated","Gate 1","Gate 5",1455,19.45,2.91
1,"Cruise_NorthSea_PE477_Algae_PE477_3_7m.fcs compensated","Gate 1","Gate 5",5177,37.19,14.67
1,"Cruise_NorthSea_PE477_Algae_PE477_3_15m.fcs compensated","Gate 1","Gate 5",4686,37.79,15.04
1,"Cruise_NorthSea_PE477_Algae_PE477_3_30m.fcs compensated","Gate 1","Gate 5",2464,37.75,14.7
1,"Cruise_NorthSea_PE477_Algae_PE477_4_7m.fcs compensated","Gate 1","Gate 5",3182,34.32,17.2
1,"Cruise_NorthSea_PE477_Algae_PE477_4_15m.fcs compensated","Gate 1","Gate 5",756,22.1,3.89
1,"Cruise_NorthSea_PE477_Algae_PE477_4_30m.fcs compensated","Gate 1","Gate 5",490,22.16,3.61
1,"Cruise_NorthSea_PE477_Algae_PE477_5_7m.fcs compensated","Gate 1","Gate 5",18810,39.08,11.26
1,"Cruise_NorthSea_PE477_Algae_PE477_5_15m.fcs compensated","Gate 1","Gate 5",19157,38.53,11.4
1,"Cruise_NorthSea_PE477_Algae_PE477_5_30m.fcs compensated","Gate 1","Gate 5",7780,49.54,14.6
1,"Cruise_NorthSea_PE477_Algae_PE477_6_7m.fcs compensated","Gate 1","Gate 5",4647,24.02,3.79
1,"Cruise_NorthSea_PE477_Algae_PE477_6_15m.fcs compensated","Gate 1","Gate 5",4537,23.3,3.64
1,"Cruise_NorthSea_PE477_Algae_PE477_6_30m.fcs compensated","Gate 1","Gate 5",2038,30.82,5.6
1,"Cruise_NorthSea_PE477_Algae_PE477_7_7m_Bottle3.fcs compensated","Gate 1","Gate 5",4846,12.09,1.76
1,"Cruise_NorthSea_PE477_Algae_PE477_7_7m_Bottle11.fcs compensated","Gate 1","Gate 5",5047,14,1.91
1,"Cruise_NorthSea_PE477_Algae_PE477_7_15m.fcs compensated","Gate 1","Gate 5",5054,13.54,1.86
1,"Cruise_NorthSea_PE477_Algae_PE477_7_30m.fcs compensated","Gate 1","Gate 5",7734,29.55,3.53
1,"Cruise_NorthSea_PE486_Algae_PE486_1_7m.fcs compensated","Gate 1","Gate 5",3067,56.08,27.98
1,"Cruise_NorthSea_PE486_Algae_PE486_1_15m.fcs compensated","Gate 1","Gate 5",2921,42.98,22.12
1,"Cruise_NorthSea_PE486_Algae_PE486_1_30m.fcs compensated","Gate 1","Gate 5",2594,45.77,21.4
1,"Cruise_NorthSea_PE486_Algae_PE486_2_7m.fcs compensated","Gate 1","Gate 5",4832,62.47,44.08
1,"Cruise_NorthSea_PE486_Algae_PE486_2_7m_SSC425.fcs compensated","Gate 1","Gate 5",4678,61.25,43.1
1,"Cruise_NorthSea_PE486_Algae_PE486_2_15m.fcs compensated","Gate 1","Gate 5",4586,70.67,46.16
1,"Cruise_NorthSea_PE486_Algae_PE486_2_30m.fcs compensated","Gate 1","Gate 5",2185,61.17,35.34
1,"Cruise_NorthSea_PE486_Algae_PE486_3_7m.fcs compensated","Gate 1","Gate 5",868,33.77,9.89
1,"Cruise_NorthSea_PE486_Algae_PE486_3_15m.fcs compensated","Gate 1","Gate 5",783,29.21,7.02
1,"Cruise_NorthSea_PE486_Algae_PE486_4_7m.fcs compensated","Gate 1","Gate 5",6766,54.6,43.66
1,"Cruise_NorthSea_PE486_Algae_PE486_4_15m.fcs compensated","Gate 1","Gate 5",7065,53.75,43.54
1,"Cruise_NorthSea_PE486_Algae_PE486_4_30m.fcs compensated","Gate 1","Gate 5",2190,44.79,31.32
1,"Cruise_NorthSea_PE486_Algae_PE486_4_xm_Run3.fcs compensated","Gate 1","Gate 5",6894,54,43.5
1,"Cruise_NorthSea_PE486_Algae_PE486_4_ym.fcs compensated","Gate 1","Gate 5",2010,40.36,27.78
1,"Cruise_NorthSea_PE486_Algae_PE486_4_zm.fcs compensated","Gate 1","Gate 5",6741,54.9,44.11
1,"Cruise_NorthSea_PE486_Algae_PE486_5_7m.fcs compensated","Gate 1","Gate 5",2186,55.01,29.23
1,"Cruise_NorthSea_PE486_Algae_PE486_5_15m.fcs compensated","Gate 1","Gate 5",2287,57.78,30.8
1,"Cruise_NorthSea_PE486_Algae_PE486_6_7_8m.fcs compensated","Gate 1","Gate 5",2119,48.43,35.84
1,"Cruise_NorthSea_PE486_Algae_PE486_6_7_8m_Run2.fcs compensated","Gate 1","Gate 5",2078,48.65,35.3
1,"Cruise_NorthSea_PE486_Algae_PE486_6_7m.fcs compensated","Gate 1","Gate 5",3361,38.16,31.59
1,"Cruise_NorthSea_PE486_Algae_PE486_6_15m.fcs compensated","Gate 1","Gate 5",2149,44.95,33.87
1,"Cruise_NorthSea_PE486_Algae_PE486_7_7m.fcs compensated","Gate 1","Gate 5",2486,19.24,16.24
1,"Cruise_NorthSea_PE486_Algae_PE486_7_15m.fcs compensated","Gate 1","Gate 5",2061,19.4,13.53
1,"Cruise_NorthSea_PE486_Algae_PE486_7_30m.fcs compensated","Gate 1","Gate 5",1628,15.77,9.44
1,"Cruise_NorthSea_PE486_Algae_PE486_8_2m.fcs compensated","Gate 1","Gate 5",5936,37.04,27.76
1,"Cruise_NorthSea_PE486_Algae_PE486_8_7m.fcs compensated","Gate 1","Gate 5",5851,37.37,28.11
1,"Cruise_NorthSea_PE486_Algae_PE486_8_15m.fcs compensated","Gate 1","Gate 5",4900,37.63,27.79
1,"Cruise_NorthSea_PE486_Algae_PE486_8_20m.fcs compensated","Gate 1","Gate 5",2549,62.49,33.72
1,"Cruise_NorthSea_PE486_Algae_PE486_8_30m.fcs compensated","Gate 1","Gate 5",2411,53.19,29.37
1,"Cruise_NorthSea_PE486_Algae_PE486_8_40m.fcs compensated","Gate 1","Gate 5",2461,52.17,28.75
1,"Cruise_NorthSea_PE486_Algae_PE486_8_45_8m.fcs compensated","Gate 1","Gate 5",2285,35.01,21.43
1,"Cruise_NorthSea_PE477_Algae_PE477_1_7m.fcs compensated","Gate 1","Gate 6",14392,67.31,25.83
1,"Cruise_NorthSea_PE477_Algae_PE477_2_7m.fcs compensated","Gate 1","Gate 6",290,7.11,0.64
1,"Cruise_NorthSea_PE477_Algae_PE477_2_15m.fcs compensated","Gate 1","Gate 6",408,7.17,0.85
1,"Cruise_NorthSea_PE477_Algae_PE477_2_30m.fcs compensated","Gate 1","Gate 6",539,7.2,1.08
1,"Cruise_NorthSea_PE477_Algae_PE477_3_7m.fcs compensated","Gate 1","Gate 6",6188,44.45,17.54
1,"Cruise_NorthSea_PE477_Algae_PE477_3_15m.fcs compensated","Gate 1","Gate 6",5570,44.92,17.88
1,"Cruise_NorthSea_PE477_Algae_PE477_3_30m.fcs compensated","Gate 1","Gate 6",1065,16.32,6.35
1,"Cruise_NorthSea_PE477_Algae_PE477_4_7m.fcs compensated","Gate 1","Gate 6",4212,45.43,22.77
1,"Cruise_NorthSea_PE477_Algae_PE477_4_15m.fcs compensated","Gate 1","Gate 6",1064,31.1,5.47
1,"Cruise_NorthSea_PE477_Algae_PE477_4_30m.fcs compensated","Gate 1","Gate 6",464,20.99,3.42
1,"Cruise_NorthSea_PE477_Algae_PE477_5_7m.fcs compensated","Gate 1","Gate 6",29857,62.03,17.88
1,"Cruise_NorthSea_PE477_Algae_PE477_5_15m.fcs compensated","Gate 1","Gate 6",31140,62.63,18.52
1,"Cruise_NorthSea_PE477_Algae_PE477_5_30m.fcs compensated","Gate 1","Gate 6",6877,43.79,12.91
1,"Cruise_NorthSea_PE477_Algae_PE477_6_7m.fcs compensated","Gate 1","Gate 6",14026,72.51,11.43
1,"Cruise_NorthSea_PE477_Algae_PE477_6_15m.fcs compensated","Gate 1","Gate 6",14380,73.85,11.54
1,"Cruise_NorthSea_PE477_Algae_PE477_6_30m.fcs compensated","Gate 1","Gate 6",3404,51.47,9.35
1,"Cruise_NorthSea_PE477_Algae_PE477_7_7m_Bottle3.fcs compensated","Gate 1","Gate 6",32676,81.51,11.85
1,"Cruise_NorthSea_PE477_Algae_PE477_7_7m_Bottle11.fcs compensated","Gate 1","Gate 6",29267,81.18,11.08
1,"Cruise_NorthSea_PE477_Algae_PE477_7_15m.fcs compensated","Gate 1","Gate 6",30290,81.16,11.17
1,"Cruise_NorthSea_PE477_Algae_PE477_7_30m.fcs compensated","Gate 1","Gate 6",19028,72.69,8.69
1,"Cruise_NorthSea_PE486_Algae_PE486_1_7m.fcs compensated","Gate 1","Gate 6",1051,19.22,9.59
1,"Cruise_NorthSea_PE486_Algae_PE486_1_15m.fcs compensated","Gate 1","Gate 6",1240,18.25,9.39
1,"Cruise_NorthSea_PE486_Algae_PE486_1_30m.fcs compensated","Gate 1","Gate 6",1091,19.25,9
1,"Cruise_NorthSea_PE486_Algae_PE486_2_7m.fcs compensated","Gate 1","Gate 6",1747,22.59,15.94
1,"Cruise_NorthSea_PE486_Algae_PE486_2_7m_SSC425.fcs compensated","Gate 1","Gate 6",2336,30.59,21.52
1,"Cruise_NorthSea_PE486_Algae_PE486_2_15m.fcs compensated","Gate 1","Gate 6",1303,20.08,13.11
1,"Cruise_NorthSea_PE486_Algae_PE486_2_30m.fcs compensated","Gate 1","Gate 6",587,16.43,9.49
1,"Cruise_NorthSea_PE486_Algae_PE486_3_7m.fcs compensated","Gate 1","Gate 6",437,17,4.98
1,"Cruise_NorthSea_PE486_Algae_PE486_3_15m.fcs compensated","Gate 1","Gate 6",311,11.6,2.79
1,"Cruise_NorthSea_PE486_Algae_PE486_4_7m.fcs compensated","Gate 1","Gate 6",2393,19.31,15.44
1,"Cruise_NorthSea_PE486_Algae_PE486_4_15m.fcs compensated","Gate 1","Gate 6",2628,19.99,16.2
1,"Cruise_NorthSea_PE486_Algae_PE486_4_30m.fcs compensated","Gate 1","Gate 6",204,4.17,2.92
1,"Cruise_NorthSea_PE486_Algae_PE486_4_xm_Run3.fcs compensated","Gate 1","Gate 6",1534,12.02,9.68
1,"Cruise_NorthSea_PE486_Algae_PE486_4_ym.fcs compensated","Gate 1","Gate 6",128,2.57,1.77
1,"Cruise_NorthSea_PE486_Algae_PE486_4_zm.fcs compensated","Gate 1","Gate 6",1568,12.77,10.26
1,"Cruise_NorthSea_PE486_Algae_PE486_5_7m.fcs compensated","Gate 1","Gate 6",481,12.1,6.43
1,"Cruise_NorthSea_PE486_Algae_PE486_5_15m.fcs compensated","Gate 1","Gate 6",476,12.03,6.41
1,"Cruise_NorthSea_PE486_Algae_PE486_6_7_8m.fcs compensated","Gate 1","Gate 6",908,20.75,15.36
1,"Cruise_NorthSea_PE486_Algae_PE486_6_7_8m_Run2.fcs compensated","Gate 1","Gate 6",928,21.73,15.77
1,"Cruise_NorthSea_PE486_Algae_PE486_6_7m.fcs compensated","Gate 1","Gate 6",3938,44.71,37.02
1,"Cruise_NorthSea_PE486_Algae_PE486_6_15m.fcs compensated","Gate 1","Gate 6",1185,24.79,18.68
1,"Cruise_NorthSea_PE486_Algae_PE486_7_7m.fcs compensated","Gate 1","Gate 6",8670,67.11,56.63
1,"Cruise_NorthSea_PE486_Algae_PE486_7_15m.fcs compensated","Gate 1","Gate 6",3453,32.5,22.68
1,"Cruise_NorthSea_PE486_Algae_PE486_7_30m.fcs compensated","Gate 1","Gate 6",778,7.54,4.51
1,"Cruise_NorthSea_PE486_Algae_PE486_8_2m.fcs compensated","Gate 1","Gate 6",9761,60.91,45.65
1,"Cruise_NorthSea_PE486_Algae_PE486_8_7m.fcs compensated","Gate 1","Gate 6",9623,61.46,46.23
1,"Cruise_NorthSea_PE486_Algae_PE486_8_15m.fcs compensated","Gate 1","Gate 6",7636,58.63,43.31
1,"Cruise_NorthSea_PE486_Algae_PE486_8_20m.fcs compensated","Gate 1","Gate 6",522,12.8,6.9
1,"Cruise_NorthSea_PE486_Algae_PE486_8_30m.fcs compensated","Gate 1","Gate 6",348,7.68,4.24
1,"Cruise_NorthSea_PE486_Algae_PE486_8_40m.fcs compensated","Gate 1","Gate 6",360,7.63,4.21
1,"Cruise_NorthSea_PE486_Algae_PE486_8_45_8m.fcs compensated","Gate 1","Gate 6",413,6.33,3.87
1,"Cruise_NorthSea_PE477_Algae_PE477_1_7m.fcs compensated","Gate 1","Gate 7",278,1.3,0.5
1,"Cruise_NorthSea_PE477_Algae_PE477_2_7m.fcs compensated","Gate 1","Gate 7",63,1.54,0.14
1,"Cruise_NorthSea_PE477_Algae_PE477_2_15m.fcs compensated","Gate 1","Gate 7",162,2.85,0.34
1,"Cruise_NorthSea_PE477_Algae_PE477_2_30m.fcs compensated","Gate 1","Gate 7",85,1.14,0.17
1,"Cruise_NorthSea_PE477_Algae_PE477_3_7m.fcs compensated","Gate 1","Gate 7",163,1.17,0.46
1,"Cruise_NorthSea_PE477_Algae_PE477_3_15m.fcs compensated","Gate 1","Gate 7",123,0.99,0.39
1,"Cruise_NorthSea_PE477_Algae_PE477_3_30m.fcs compensated","Gate 1","Gate 7",41,0.63,0.24
1,"Cruise_NorthSea_PE477_Algae_PE477_4_7m.fcs compensated","Gate 1","Gate 7",243,2.62,1.31
1,"Cruise_NorthSea_PE477_Algae_PE477_4_15m.fcs compensated","Gate 1","Gate 7",115,3.36,0.59
1,"Cruise_NorthSea_PE477_Algae_PE477_4_30m.fcs compensated","Gate 1","Gate 7",43,1.94,0.32
1,"Cruise_NorthSea_PE477_Algae_PE477_5_7m.fcs compensated","Gate 1","Gate 7",375,0.78,0.22
1,"Cruise_NorthSea_PE477_Algae_PE477_5_15m.fcs compensated","Gate 1","Gate 7",400,0.8,0.24
1,"Cruise_NorthSea_PE477_Algae_PE477_5_30m.fcs compensated","Gate 1","Gate 7",150,0.96,0.28
1,"Cruise_NorthSea_PE477_Algae_PE477_6_7m.fcs compensated","Gate 1","Gate 7",603,3.12,0.49
1,"Cruise_NorthSea_PE477_Algae_PE477_6_15m.fcs compensated","Gate 1","Gate 7",599,3.08,0.48
1,"Cruise_NorthSea_PE477_Algae_PE477_6_30m.fcs compensated","Gate 1","Gate 7",125,1.89,0.34
1,"Cruise_NorthSea_PE477_Algae_PE477_7_7m_Bottle3.fcs compensated","Gate 1","Gate 7",3115,7.77,1.13
1,"Cruise_NorthSea_PE477_Algae_PE477_7_7m_Bottle11.fcs compensated","Gate 1","Gate 7",2283,6.33,0.86
1,"Cruise_NorthSea_PE477_Algae_PE477_7_15m.fcs compensated","Gate 1","Gate 7",2276,6.1,0.84
1,"Cruise_NorthSea_PE477_Algae_PE477_7_30m.fcs compensated","Gate 1","Gate 7",531,2.03,0.24
1,"Cruise_NorthSea_PE486_Algae_PE486_1_7m.fcs compensated","Gate 1","Gate 7",125,2.29,1.14
1,"Cruise_NorthSea_PE486_Algae_PE486_1_15m.fcs compensated","Gate 1","Gate 7",275,4.05,2.08
1,"Cruise_NorthSea_PE486_Algae_PE486_1_30m.fcs compensated","Gate 1","Gate 7",204,3.6,1.68
1,"Cruise_NorthSea_PE486_Algae_PE486_2_7m.fcs compensated","Gate 1","Gate 7",61,0.79,0.56
1,"Cruise_NorthSea_PE486_Algae_PE486_2_7m_SSC425.fcs compensated","Gate 1","Gate 7",78,1.02,0.72
1,"Cruise_NorthSea_PE486_Algae_PE486_2_15m.fcs compensated","Gate 1","Gate 7",54,0.83,0.54
1,"Cruise_NorthSea_PE486_Algae_PE486_2_30m.fcs compensated","Gate 1","Gate 7",35,0.98,0.57
1,"Cruise_NorthSea_PE486_Algae_PE486_3_7m.fcs compensated","Gate 1","Gate 7",42,1.63,0.48
1,"Cruise_NorthSea_PE486_Algae_PE486_3_15m.fcs compensated","Gate 1","Gate 7",45,1.68,0.4
1,"Cruise_NorthSea_PE486_Algae_PE486_4_7m.fcs compensated","Gate 1","Gate 7",57,0.46,0.37
1,"Cruise_NorthSea_PE486_Algae_PE486_4_15m.fcs compensated","Gate 1","Gate 7",55,0.42,0.34
1,"Cruise_NorthSea_PE486_Algae_PE486_4_30m.fcs compensated","Gate 1","Gate 7",20,0.41,0.29
1,"Cruise_NorthSea_PE486_Algae_PE486_4_xm_Run3.fcs compensated","Gate 1","Gate 7",46,0.36,0.29
1,"Cruise_NorthSea_PE486_Algae_PE486_4_ym.fcs compensated","Gate 1","Gate 7",26,0.52,0.36
1,"Cruise_NorthSea_PE486_Algae_PE486_4_zm.fcs compensated","Gate 1","Gate 7",44,0.36,0.29
1,"Cruise_NorthSea_PE486_Algae_PE486_5_7m.fcs compensated","Gate 1","Gate 7",10,0.25,0.13
1,"Cruise_NorthSea_PE486_Algae_PE486_5_15m.fcs compensated","Gate 1","Gate 7",6,0.15,0.08
1,"Cruise_NorthSea_PE486_Algae_PE486_6_7_8m.fcs compensated","Gate 1","Gate 7",47,1.07,0.79
1,"Cruise_NorthSea_PE486_Algae_PE486_6_7_8m_Run2.fcs compensated","Gate 1","Gate 7",34,0.8,0.58
1,"Cruise_NorthSea_PE486_Algae_PE486_6_7m.fcs compensated","Gate 1","Gate 7",68,0.77,0.64
1,"Cruise_NorthSea_PE486_Algae_PE486_6_15m.fcs compensated","Gate 1","Gate 7",47,0.98,0.74
1,"Cruise_NorthSea_PE486_Algae_PE486_7_7m.fcs compensated","Gate 1","Gate 7",139,1.08,0.91
1,"Cruise_NorthSea_PE486_Algae_PE486_7_15m.fcs compensated","Gate 1","Gate 7",133,1.25,0.87
1,"Cruise_NorthSea_PE486_Algae_PE486_7_30m.fcs compensated","Gate 1","Gate 7",137,1.33,0.79
1,"Cruise_NorthSea_PE486_Algae_PE486_8_2m.fcs compensated","Gate 1","Gate 7",175,1.09,0.82
1,"Cruise_NorthSea_PE486_Algae_PE486_8_7m.fcs compensated","Gate 1","Gate 7",124,0.79,0.6
1,"Cruise_NorthSea_PE486_Algae_PE486_8_15m.fcs compensated","Gate 1","Gate 7",97,0.74,0.55
1,"Cruise_NorthSea_PE486_Algae_PE486_8_20m.fcs compensated","Gate 1","Gate 7",15,0.37,0.2
1,"Cruise_NorthSea_PE486_Algae_PE486_8_30m.fcs compensated","Gate 1","Gate 7",20,0.44,0.24
1,"Cruise_NorthSea_PE486_Algae_PE486_8_40m.fcs compensated","Gate 1","Gate 7",15,0.32,0.18
1,"Cruise_NorthSea_PE486_Algae_PE486_8_45_8m.fcs compensated","Gate 1","Gate 7",41,0.63,0.38
1,"Cruise_NorthSea_PE477_Algae_PE477_1_7m.fcs compensated","Gate 5","Gate 8",526,7.69,0.94
1,"Cruise_NorthSea_PE477_Algae_PE477_2_7m.fcs compensated","Gate 5","Gate 8",681,48.96,1.5
1,"Cruise_NorthSea_PE477_Algae_PE477_2_15m.fcs compensated","Gate 5","Gate 8",595,44.7,1.24
1,"Cruise_NorthSea_PE477_Algae_PE477_2_30m.fcs compensated","Gate 5","Gate 8",639,43.92,1.28
1,"Cruise_NorthSea_PE477_Algae_PE477_3_7m.fcs compensated","Gate 5","Gate 8",549,10.6,1.56
1,"Cruise_NorthSea_PE477_Algae_PE477_3_15m.fcs compensated","Gate 5","Gate 8",574,12.25,1.84
1,"Cruise_NorthSea_PE477_Algae_PE477_3_30m.fcs compensated","Gate 5","Gate 8",568,23.05,3.39
1,"Cruise_NorthSea_PE477_Algae_PE477_4_7m.fcs compensated","Gate 5","Gate 8",204,6.41,1.1
1,"Cruise_NorthSea_PE477_Algae_PE477_4_15m.fcs compensated","Gate 5","Gate 8",108,14.29,0.56
1,"Cruise_NorthSea_PE477_Algae_PE477_4_30m.fcs compensated","Gate 5","Gate 8",116,23.67,0.85
1,"Cruise_NorthSea_PE477_Algae_PE477_5_7m.fcs compensated","Gate 5","Gate 8",1403,7.46,0.84
1,"Cruise_NorthSea_PE477_Algae_PE477_5_15m.fcs compensated","Gate 5","Gate 8",1469,7.67,0.87
1,"Cruise_NorthSea_PE477_Algae_PE477_5_30m.fcs compensated","Gate 5","Gate 8",1333,17.13,2.5
1,"Cruise_NorthSea_PE477_Algae_PE477_6_7m.fcs compensated","Gate 5","Gate 8",471,10.14,0.38
1,"Cruise_NorthSea_PE477_Algae_PE477_6_15m.fcs compensated","Gate 5","Gate 8",458,10.09,0.37
1,"Cruise_NorthSea_PE477_Algae_PE477_6_30m.fcs compensated","Gate 5","Gate 8",309,15.16,0.85
1,"Cruise_NorthSea_PE477_Algae_PE477_7_7m_Bottle3.fcs compensated","Gate 5","Gate 8",307,6.34,0.11
1,"Cruise_NorthSea_PE477_Algae_PE477_7_7m_Bottle11.fcs compensated","Gate 5","Gate 8",266,5.27,0.1
1,"Cruise_NorthSea_PE477_Algae_PE477_7_15m.fcs compensated","Gate 5","Gate 8",279,5.52,0.1
1,"Cruise_NorthSea_PE477_Algae_PE477_7_30m.fcs compensated","Gate 5","Gate 8",329,4.25,0.15
1,"Cruise_NorthSea_PE486_Algae_PE486_1_7m.fcs compensated","Gate 5","Gate 8",481,15.68,4.39
1,"Cruise_NorthSea_PE486_Algae_PE486_1_15m.fcs compensated","Gate 5","Gate 8",492,16.84,3.73
1,"Cruise_NorthSea_PE486_Algae_PE486_1_30m.fcs compensated","Gate 5","Gate 8",548,21.13,4.52
1,"Cruise_NorthSea_PE486_Algae_PE486_2_7m.fcs compensated","Gate 5","Gate 8",644,13.33,5.87
1,"Cruise_NorthSea_PE486_Algae_PE486_2_7m_SSC425.fcs compensated","Gate 5","Gate 8",455,9.73,4.19
1,"Cruise_NorthSea_PE486_Algae_PE486_2_15m.fcs compensated","Gate 5","Gate 8",679,14.81,6.83
1,"Cruise_NorthSea_PE486_Algae_PE486_2_30m.fcs compensated","Gate 5","Gate 8",335,15.33,5.42
1,"Cruise_NorthSea_PE486_Algae_PE486_3_7m.fcs compensated","Gate 5","Gate 8",212,24.42,2.42
1,"Cruise_NorthSea_PE486_Algae_PE486_3_15m.fcs compensated","Gate 5","Gate 8",199,25.42,1.78
1,"Cruise_NorthSea_PE486_Algae_PE486_4_7m.fcs compensated","Gate 5","Gate 8",986,14.57,6.36
1,"Cruise_NorthSea_PE486_Algae_PE486_4_15m.fcs compensated","Gate 5","Gate 8",983,13.91,6.06
1,"Cruise_NorthSea_PE486_Algae_PE486_4_30m.fcs compensated","Gate 5","Gate 8",930,42.47,13.3
1,"Cruise_NorthSea_PE486_Algae_PE486_4_xm_Run3.fcs compensated","Gate 5","Gate 8",1002,14.53,6.32
1,"Cruise_NorthSea_PE486_Algae_PE486_4_ym.fcs compensated","Gate 5","Gate 8",1082,53.83,14.95
1,"Cruise_NorthSea_PE486_Algae_PE486_4_zm.fcs compensated","Gate 5","Gate 8",1003,14.88,6.56
1,"Cruise_NorthSea_PE486_Algae_PE486_5_7m.fcs compensated","Gate 5","Gate 8",452,20.68,6.04
1,"Cruise_NorthSea_PE486_Algae_PE486_5_15m.fcs compensated","Gate 5","Gate 8",538,23.52,7.25
1,"Cruise_NorthSea_PE486_Algae_PE486_6_7_8m.fcs compensated","Gate 5","Gate 8",283,13.36,4.79
1,"Cruise_NorthSea_PE486_Algae_PE486_6_7_8m_Run2.fcs compensated","Gate 5","Gate 8",273,13.14,4.64
1,"Cruise_NorthSea_PE486_Algae_PE486_6_7m.fcs compensated","Gate 5","Gate 8",261,7.77,2.45
1,"Cruise_NorthSea_PE486_Algae_PE486_6_15m.fcs compensated","Gate 5","Gate 8",296,13.77,4.67
1,"Cruise_NorthSea_PE486_Algae_PE486_7_7m.fcs compensated","Gate 5","Gate 8",230,9.25,1.5
1,"Cruise_NorthSea_PE486_Algae_PE486_7_15m.fcs compensated","Gate 5","Gate 8",262,12.71,1.72
1,"Cruise_NorthSea_PE486_Algae_PE486_7_30m.fcs compensated","Gate 5","Gate 8",506,31.08,2.93
1,"Cruise_NorthSea_PE486_Algae_PE486_8_2m.fcs compensated","Gate 5","Gate 8",371,6.25,1.73
1,"Cruise_NorthSea_PE486_Algae_PE486_8_7m.fcs compensated","Gate 5","Gate 8",406,6.94,1.95
1,"Cruise_NorthSea_PE486_Algae_PE486_8_15m.fcs compensated","Gate 5","Gate 8",484,9.88,2.75
1,"Cruise_NorthSea_PE486_Algae_PE486_8_20m.fcs compensated","Gate 5","Gate 8",582,22.83,7.7
1,"Cruise_NorthSea_PE486_Algae_PE486_8_30m.fcs compensated","Gate 5","Gate 8",587,24.35,7.15
1,"Cruise_NorthSea_PE486_Algae_PE486_8_40m.fcs compensated","Gate 5","Gate 8",663,26.94,7.75
1,"Cruise_NorthSea_PE486_Algae_PE486_8_45_8m.fcs compensated","Gate 5","Gate 8",583,25.51,5.47
